plan,controller,n_agents,steps,sway,sensor_noise,fail_frac,fail_step,seed,radius,vmax,cover_r,series_every,record_every,coverage,coverage_mean_2nd_half,explored,t90,collisions_per_agent,wall_hits_per_agent,path_per_agent,contact_frac,post_over_pre_fail,n_final,nn_mean,evenness_cv,gap_mean,gap_median,shyness,variant,sec_per_step
open:10x7,A,10,1200,0.02,0.05,0.0,,3,0.3,0.2,2.0,20,0,0.7607142857142857,0.700952380952381,1.0,40.0,6.0,0.0,99.15915626346566,0.05408333333333333,,10,2.309771655138353,0.38734042012496067,1.709771655138353,1.5097271370619672,1.0,A,0.000599561597500724
open:10x7,A,10,1200,0.02,0.05,0.0,,0,0.3,0.2,2.0,20,0,0.5821428571428572,0.7100000000000001,1.0,300.0,5.2,0.0,95.80075761389956,0.04683333333333333,,10,1.3386154862710185,0.7457166366385585,0.7386154862710186,0.1250369909484732,0.8,A,0.0006174579866668258
open:10x7,A,10,1200,0.02,0.05,0.0,,6,0.3,0.2,2.0,20,0,0.7321428571428571,0.7053571428571428,1.0,20.0,6.1,0.0,99.34213355512443,0.049833333333333334,,10,1.7600230084243011,0.5562803627088198,1.160023008424301,1.1193352731869455,0.8,A,0.000602284514167574
open:10x7,A,10,1200,0.02,0.05,0.0,,5,0.3,0.2,2.0,20,0,0.65,0.6941666666666667,1.0,160.0,5.6,0.0,97.2901430369891,0.05591666666666667,,10,1.5402113781545146,0.5398091580560829,0.9402113781545147,0.6018944071571571,1.0,A,0.000615530485833915
open:10x7,A,10,1200,0.02,0.05,0.0,,2,0.3,0.2,2.0,20,0,0.7071428571428572,0.7107142857142855,1.0,20.0,5.4,0.0,99.08931592673517,0.050416666666666665,,10,2.105093614059135,0.7277387741301633,1.5050936140591358,0.91292729690927,1.0,A,0.0006393131950001893
open:10x7,A,10,1200,0.02,0.05,0.0,,4,0.3,0.2,2.0,20,0,0.7,0.7364285714285715,1.0,40.0,5.3,0.0,96.24379905758164,0.05241666666666667,,10,1.6418814263424337,0.49256423072191535,1.0418814263424339,0.8144772899065339,1.0,A,0.00063393430499976
open:10x7,A,10,1200,0.02,0.05,0.0,,1,0.3,0.2,2.0,20,0,0.7392857142857143,0.6901190476190476,1.0,860.0,5.7,0.0,95.23366723946219,0.04741666666666667,,10,1.8782163667003147,0.5779186445132958,1.278216366700315,1.0436100378857533,1.0,A,0.000646209756667607
open:10x7,A,10,1200,0.02,0.05,0.0,,7,0.3,0.2,2.0,20,0,0.675,0.7039285714285715,1.0,240.0,4.1,0.0,92.2178268095505,0.048916666666666664,,10,1.5517942581627309,0.6270525257366146,0.951794258162731,0.7235135609793811,1.0,A,0.0006188515966672033
open:10x7,A,10,1200,0.02,0.05,0.0,,8,0.3,0.2,2.0,20,0,0.8357142857142857,0.7101190476190474,1.0,20.0,5.5,0.0,94.77629364571422,0.04958333333333333,,10,2.239093339186756,0.31437301860312644,1.639093339186756,1.694833156816237,1.0,A,0.0006200302083334463
open:10x7,A,10,1200,0.02,0.05,0.0,,9,0.3,0.2,2.0,20,0,0.8107142857142857,0.7092857142857143,1.0,20.0,4.9,0.0,94.7804937080537,0.05358333333333333,,10,2.5412186416698255,0.5052952571950851,1.9412186416698254,1.6793803919290542,1.0,A,0.0003771690275001068
open:10x7,B,10,1200,0.02,0.05,0.0,,0,0.3,0.2,2.0,20,0,1.0,0.9916666666666668,1.0,20.0,0.5,0.0,72.51815168443082,0.0018333333333333333,,10,2.3795635491334006,0.04853589349808238,1.7795635491334008,1.7131525581639417,1.0,B,0.0005061898258327346
open:10x7,B,10,1200,0.02,0.05,0.0,,2,0.3,0.2,2.0,20,0,0.9892857142857143,0.9898809523809524,1.0,20.0,0.5,0.0,72.22903703507211,0.0008333333333333334,,10,2.400837152179108,0.07644140809351457,1.800837152179108,1.7589946133557994,1.0,B,0.0004916761808332618
open:10x7,B,10,1200,0.02,0.05,0.0,,1,0.3,0.2,2.0,20,0,0.9928571428571429,0.9936904761904762,1.0,20.0,0.5,0.0,72.29982916199097,0.0010833333333333333,,10,2.4941438675022787,0.023641195766845192,1.8941438675022784,1.906282292894326,1.0,B,0.0005066898608326179
open:10x7,B,10,1200,0.02,0.05,0.0,,5,0.3,0.2,2.0,20,0,0.9892857142857143,0.9910714285714285,1.0,20.0,0.6,0.0,72.41364923746809,0.0023333333333333335,,10,2.3323283361430565,0.03997692002455551,1.7323283361430568,1.714136905030883,1.0,B,0.0004899549308341496
open:10x7,B,10,1200,0.02,0.05,0.0,,6,0.3,0.2,2.0,20,0,0.9857142857142858,0.9930952380952379,1.0,20.0,0.5,0.0,72.21990692978251,0.0020833333333333333,,10,2.4309094128658097,0.03545211421981885,1.8309094128658103,1.8194662908577182,1.0,B,0.0004962301041662917
open:10x7,B,10,1200,0.02,0.05,0.0,,3,0.3,0.2,2.0,20,0,0.9928571428571429,0.9913095238095238,1.0,20.0,0.5,0.0,72.05716354251648,0.0011666666666666668,,10,2.3941428665319977,0.05904557353181901,1.7941428665319976,1.7726614462507237,1.0,B,0.0005051766325004792
open:10x7,B,10,1200,0.02,0.05,0.0,,4,0.3,0.2,2.0,20,0,0.9964285714285714,0.9908333333333332,1.0,20.0,0.7,0.0,73.80186375319279,0.0014166666666666668,,10,2.5457798169240107,0.010831440554596155,1.9457798169240106,1.9470046466696718,1.0,B,0.0005119952083335495
open:10x7,B,10,1200,0.02,0.05,0.0,,7,0.3,0.2,2.0,20,0,1.0,0.9938095238095239,1.0,20.0,0.4,0.0,72.09753774894894,0.0006666666666666666,,10,2.414804362764907,0.03301256791838635,1.8148043627649073,1.8078247695002658,1.0,B,0.0004973920833329734
open:10x7,B,10,1200,0.02,0.05,0.0,,8,0.3,0.2,2.0,20,0,0.9964285714285714,0.9935714285714284,1.0,20.0,0.1,0.0,71.72882430614911,0.0005,,10,2.362721971062636,0.06513507241442433,1.7627219710626367,1.8243081835774455,1.0,B,0.0004893548608333731
open:10x7,B,10,1200,0.02,0.05,0.0,,9,0.3,0.2,2.0,20,0,0.9892857142857143,0.9896428571428573,1.0,20.0,0.8,0.0,72.77047396387589,0.0018333333333333333,,10,2.2108441833287804,0.07809224811771238,1.6108441833287805,1.5954357890368471,1.0,B,0.0005003611116671891
open:10x7,C,10,1200,0.02,0.05,0.0,,0,0.3,0.2,2.0,20,0,0.9785714285714285,0.986904761904762,1.0,20.0,0.5,0.0,77.59407064126161,0.0013333333333333333,,10,2.2915372351480525,0.0706659595272178,1.6915372351480524,1.7220863363817396,1.0,C,0.0005166185416661998
open:10x7,C,10,1200,0.02,0.05,0.0,,3,0.3,0.2,2.0,20,0,0.975,0.9839285714285715,1.0,20.0,0.5,0.0,76.08306032616889,0.0011666666666666668,,10,2.3419455203497113,0.054366484104694635,1.7419455203497112,1.6899690128486622,1.0,C,0.000513864965000721
open:10x7,C,10,1200,0.02,0.05,0.0,,1,0.3,0.2,2.0,20,0,0.9857142857142858,0.9845238095238097,1.0,20.0,0.4,0.0,77.12355747582066,0.00075,,10,2.310331638074076,0.020384433290856284,1.7103316380740765,1.6941657758623991,1.0,C,0.0005271233674996741
open:10x7,C,10,1200,0.02,0.05,0.0,,4,0.3,0.2,2.0,20,0,0.9857142857142858,0.9865476190476191,1.0,20.0,0.6,0.0,77.28009431014604,0.0008333333333333334,,10,2.3039754932846974,0.03296809011466685,1.7039754932846976,1.6964407359422948,1.0,C,0.000520935868333557
open:10x7,C,10,1200,0.02,0.05,0.0,,2,0.3,0.2,2.0,20,0,0.9785714285714285,0.9852380952380952,1.0,20.0,0.4,0.0,75.78078493827425,0.0006666666666666666,,10,2.3064018930812935,0.06621175361704427,1.7064018930812934,1.7026321000101032,1.0,C,0.0005358544791670283
open:10x7,C,10,1200,0.02,0.05,0.0,,6,0.3,0.2,2.0,20,0,0.9857142857142858,0.9853571428571428,1.0,20.0,0.4,0.0,76.60152957158067,0.0013333333333333333,,10,2.415482101963844,0.043081859640920796,1.815482101963844,1.8249847156756958,1.0,C,0.0005252411808320782
open:10x7,C,10,1200,0.02,0.05,0.0,,5,0.3,0.2,2.0,20,0,0.9821428571428571,0.9863095238095239,1.0,20.0,0.6,0.0,77.36326422425307,0.0014166666666666668,,10,2.3572510859212072,0.04235937454048814,1.7572510859212074,1.7444843510052612,1.0,C,0.0005486781591662293
open:10x7,C,10,1200,0.02,0.05,0.0,,7,0.3,0.2,2.0,20,0,0.9785714285714285,0.9852380952380952,1.0,20.0,0.4,0.0,76.58187776843127,0.0005833333333333334,,10,2.2639094141129417,0.02975602587963487,1.6639094141129416,1.6650607040342542,1.0,C,0.0005414487850005875
open:10x7,PF,10,1200,0.02,0.05,0.0,,0,0.3,0.2,2.0,20,0,1.0,1.0,1.0,20.0,0.5,0.0,35.84486430510533,0.0005833333333333334,,10,2.209614404829645,0.010519826228533367,1.6096144048296452,1.6078346671847419,1.0,PF,0.00042207072916729276
open:10x7,PF,10,1200,0.02,0.05,0.0,,1,0.3,0.2,2.0,20,0,1.0,0.9998809523809524,1.0,20.0,0.2,0.0,35.65997144769857,0.0005,,10,2.186002864698592,0.02843108206688171,1.586002864698592,1.5920129551105169,1.0,PF,0.0004322337150006206
open:10x7,PF,10,1200,0.02,0.05,0.0,,3,0.3,0.2,2.0,20,0,1.0,0.9939285714285714,1.0,20.0,0.7,0.0,35.94355729197468,0.0009166666666666666,,10,2.1547681769621154,0.03501736874237728,1.5547681769621151,1.5744115369182845,1.0,PF,0.00042264760416552843
open:10x7,PF,10,1200,0.02,0.05,0.0,,2,0.3,0.2,2.0,20,0,1.0,1.0,1.0,20.0,0.5,0.0,35.62274407823619,0.0006666666666666666,,10,2.1993724750374164,0.040039437042290585,1.599372475037416,1.6032800603162398,1.0,PF,0.00043075381916575376
open:10x7,PF,10,1200,0.02,0.05,0.0,,4,0.3,0.2,2.0,20,0,1.0,0.9972619047619048,1.0,20.0,0.3,0.0,35.90813654288125,0.0003333333333333333,,10,2.1584077946777835,0.025341283736197817,1.5584077946777832,1.5459098347439255,1.0,PF,0.000433192881667613
open:10x7,PF,10,1200,0.02,0.05,0.0,,5,0.3,0.2,2.0,20,0,0.9964285714285714,0.9948809523809522,1.0,20.0,0.6,0.0,36.15067450468518,0.001,,10,2.266250573630298,0.06533820015257698,1.6662505736302982,1.6259286129753416,1.0,PF,0.0004466977083332798
open:10x7,C,10,1200,0.02,0.05,0.0,,8,0.3,0.2,2.0,20,0,0.9892857142857143,0.9863095238095237,1.0,20.0,0.1,0.0,76.40128633709082,0.0004166666666666667,,10,2.387978900350002,0.040295921387127384,1.787978900350002,1.8087050647537657,1.0,C,0.0005375226041663458
open:10x7,C,10,1200,0.02,0.05,0.0,,9,0.3,0.2,2.0,20,0,0.9892857142857143,0.9850000000000002,1.0,20.0,0.7,0.0,76.59130016533888,0.002,,10,2.3316753109615576,0.05264346985683079,1.7316753109615572,1.744121044906588,1.0,C,0.0005483447916670533
open:10x7,PF,10,1200,0.02,0.05,0.0,,6,0.3,0.2,2.0,20,0,1.0,1.0,1.0,20.0,0.4,0.0,35.99561889184222,0.00075,,10,2.1854041449593486,0.031458246448335,1.585404144959349,1.5518966796568767,1.0,PF,0.00045378711833260845
open:10x7,PF,10,1200,0.02,0.05,0.0,,7,0.3,0.2,2.0,20,0,0.9964285714285714,0.9904761904761905,0.9964285714285714,20.0,0.3,0.0,35.63022028238312,0.0004166666666666667,,10,2.2236199952891904,0.08139254883806996,1.6236199952891905,1.5082962736910206,1.0,PF,0.00041889579916793687
open:10x7,PF,10,1200,0.02,0.05,0.0,,8,0.3,0.2,2.0,20,0,1.0,1.0,1.0,20.0,0.3,0.0,36.07656709208041,0.0005,,10,2.1874151826090924,0.03146850597590265,1.5874151826090928,1.5774437613495693,1.0,PF,0.0004255582641659809
open:10x7,PF,10,1200,0.02,0.05,0.0,,9,0.3,0.2,2.0,20,0,1.0,1.0,1.0,20.0,0.4,0.0,35.98877895695301,0.00075,,10,2.1501585701975268,0.02379581641971176,1.5501585701975262,1.549204847340218,1.0,PF,0.00043250937500033615
open:10x7,Boids,10,1200,0.02,0.05,0.0,,0,0.3,0.2,2.0,20,0,0.9071428571428571,0.8973809523809523,1.0,20.0,0.4,0.0,192.9954051999441,0.0006666666666666666,,10,1.8194476588873898,0.06213692301348874,1.2194476588873902,1.2216665293555458,1.0,Boids,0.00045223097250072895
open:10x7,Boids,10,1200,0.02,0.05,0.0,,1,0.3,0.2,2.0,20,0,0.9107142857142857,0.9049999999999999,1.0,20.0,0.3,0.0,193.52264669773635,0.0004166666666666667,,10,1.7747583051821851,0.06903203985061261,1.1747583051821853,1.1485577989411169,1.0,Boids,0.00044809215333316385
open:10x7,Boids,10,1200,0.02,0.05,0.0,,2,0.3,0.2,2.0,20,0,0.8785714285714286,0.898095238095238,1.0,20.0,0.5,0.0,194.1205136919313,0.0006666666666666666,,10,1.8783082199073597,0.11214988502765698,1.27830821990736,1.1607913407752144,1.0,Boids,0.0004449951733325482
open:10x7,Boids,10,1200,0.02,0.05,0.0,,3,0.3,0.2,2.0,20,0,0.8892857142857142,0.8988095238095238,1.0,20.0,0.6,0.0,193.9682017325797,0.0009166666666666666,,10,1.6683398389928015,0.13522734886123006,1.0683398389928012,1.106590400150668,1.0,Boids,0.000437971770832822
open:10x7,Boids,10,1200,0.02,0.05,0.0,,4,0.3,0.2,2.0,20,0,0.8964285714285715,0.8964285714285712,0.9964285714285714,20.0,0.3,0.0,193.25744572307372,0.0003333333333333333,,10,1.7792341751846332,0.10064138075957428,1.1792341751846336,1.250785070088932,1.0,Boids,0.0004402755908343655
open:10x7,Boids,10,1200,0.02,0.05,0.0,,5,0.3,0.2,2.0,20,0,0.9035714285714286,0.8997619047619047,1.0,20.0,0.8,0.0,194.62660177057896,0.0009166666666666666,,10,1.6821932453381225,0.09788128549624088,1.0821932453381227,1.036450233867529,1.0,Boids,0.00044496690916579005
open:10x7,RW,10,1200,0.02,0.05,0.0,,0,0.3,0.2,2.0,20,0,0.6571428571428571,0.6977380952380953,1.0,20.0,5.7,0.0,104.02315692367192,0.08375,,10,1.5134412280701393,0.8555560331098289,0.9134412280701394,0.5714619670263849,0.8,RW,0.0003827921524998601
open:10x7,Boids,10,1200,0.02,0.05,0.0,,6,0.3,0.2,2.0,20,0,0.9178571428571428,0.9071428571428571,1.0,20.0,0.7,0.0,193.4988684149999,0.0008333333333333334,,10,1.7982708314211326,0.09984375866706294,1.1982708314211326,1.1808401236395674,1.0,Boids,0.0004623224999992696
open:10x7,RW,10,1200,0.02,0.05,0.0,,2,0.3,0.2,2.0,20,0,0.7035714285714286,0.7033333333333335,1.0,20.0,5.8,0.0,101.37079791612389,0.0895,,10,1.5432204239713287,0.7199133403842674,0.943220423971329,0.105404472902762,0.8,RW,0.0003643095833331245
open:10x7,RW,10,1200,0.02,0.05,0.0,,1,0.3,0.2,2.0,20,0,0.875,0.7126190476190477,1.0,20.0,6.4,0.0,103.36974151264117,0.0825,,10,2.4342088499909,0.25940950804942153,1.8342088499908997,1.9288254180957332,1.0,RW,0.000369095347499145
open:10x7,RW,10,1200,0.02,0.05,0.0,,3,0.3,0.2,2.0,20,0,0.725,0.7158333333333334,1.0,60.0,5.8,0.0,107.27366744291821,0.09308333333333334,,10,1.6253469309752984,0.4295578889591393,1.0253469309752987,0.6353089241364659,1.0,RW,0.00035375246499976735
open:10x7,Boids,10,1200,0.02,0.05,0.0,,8,0.3,0.2,2.0,20,0,0.925,0.898809523809524,1.0,20.0,0.2,0.0,193.98612440870704,0.0005,,10,1.8560690998980327,0.11234187035922209,1.2560690998980326,1.294014077199871,1.0,Boids,0.0004571046524991592
open:10x7,Boids,10,1200,0.02,0.05,0.0,,7,0.3,0.2,2.0,20,0,0.925,0.9038095238095237,0.9964285714285714,20.0,0.4,0.0,193.32264834846785,0.0006666666666666666,,10,1.8006202011201828,0.10676580533829672,1.2006202011201825,1.2533756944540544,1.0,Boids,0.0004760101733321183
open:10x7,Boids,10,1200,0.02,0.05,0.0,,9,0.3,0.2,2.0,20,0,0.9214285714285714,0.9005952380952382,0.9964285714285714,20.0,0.6,0.0,194.6041081730715,0.001,,10,1.7395418714079043,0.09571211202735735,1.1395418714079042,1.1425361392907751,1.0,Boids,0.0004678373266672982
open:10x7,RW,10,1200,0.02,0.05,0.0,,4,0.3,0.2,2.0,20,0,0.7571428571428571,0.731547619047619,1.0,20.0,6.7,0.0,101.93935846473782,0.085,,10,1.6817400176072546,0.40979218082401914,1.081740017607255,1.1263847224467005,0.8,RW,0.00037849656249970093
open:10x7,RW,10,1200,0.02,0.05,0.0,,6,0.3,0.2,2.0,20,0,0.6428571428571429,0.7048809523809523,1.0,20.0,7.2,0.0,104.70231979307614,0.08958333333333333,,10,1.3757812518696775,0.8628234228042668,0.7757812518696776,0.10334608593498773,0.8,RW,0.0003795039583337712
open:10x7,RW,10,1200,0.02,0.05,0.0,,7,0.3,0.2,2.0,20,0,0.7607142857142857,0.7198809523809524,1.0,40.0,6.2,0.0,107.07719594257553,0.09258333333333334,,10,1.5534231318616425,0.677395066287804,0.9534231318616426,0.7722618539276995,0.8,RW,0.0003790793058321166
open:10x7,RW,10,1200,0.02,0.05,0.0,,5,0.3,0.2,2.0,20,0,0.725,0.7022619047619049,1.0,20.0,6.2,0.0,99.23864367629746,0.084,,10,1.490263493063623,0.44898602720213215,0.8902634930636228,1.1879201970846367,1.0,RW,0.000387575624999954
open:10x7,RW,10,1200,0.02,0.05,0.0,,8,0.3,0.2,2.0,20,0,0.775,0.709047619047619,1.0,20.0,7.0,0.0,99.66949414300595,0.08658333333333333,,10,1.9054141985173403,0.6970755872205415,1.3054141985173406,0.888027180852566,0.8,RW,0.0003831370833328644
open:10x7,RW,10,1200,0.02,0.05,0.0,,9,0.3,0.2,2.0,20,0,0.625,0.7038095238095239,1.0,20.0,7.5,0.0,109.10929932035322,0.09258333333333334,,10,1.3686692213858747,0.5313462155880974,0.7686692213858747,0.8659080897973189,0.8,RW,0.000391564062500341
open:17x12,A,30,1200,0.02,0.05,0.0,,0,0.3,0.2,2.0,20,0,0.7818627450980392,0.7419934640522876,1.0,60.0,6.6,0.0,131.18488109136777,0.07052777777777777,,30,1.570981830545656,0.45674030973921226,0.970981830545656,0.9477028456540136,0.9333333333333333,A,0.0004827863883338068
open:17x12,A,30,1200,0.02,0.05,0.0,,1,0.3,0.2,2.0,20,0,0.7132352941176471,0.7402777777777778,1.0,60.0,7.033333333333333,0.0,133.30290013551442,0.06630555555555556,,30,1.3849523796624716,0.5567382029939093,0.7849523796624716,0.65945653477179,0.9333333333333333,A,0.0004831800700003441
open:17x12,A,30,1200,0.02,0.05,0.0,,2,0.3,0.2,2.0,20,0,0.7365196078431373,0.7282271241830066,1.0,60.0,6.866666666666666,0.0,134.67131425031485,0.06905555555555555,,30,1.3674843428971193,0.5262259793451677,0.7674843428971193,0.46063089857536377,0.9333333333333333,A,0.0004827317358346287
open:17x12,A,30,1200,0.02,0.05,0.0,,3,0.3,0.2,2.0,20,0,0.7328431372549019,0.7496732026143793,1.0,60.0,8.0,0.0,133.90329396659453,0.06875,,30,1.4476011062756575,0.5081080952593495,0.8476011062756572,0.7382482968890222,1.0,A,0.0004675397566673685
open:17x12,A,30,1200,0.02,0.05,0.0,,7,0.3,0.2,2.0,20,0,0.7524509803921569,0.7190359477124183,1.0,40.0,7.466666666666667,0.0,130.12125881348533,0.07211111111111111,,30,1.5640446440254192,0.46861755759090745,0.964044644025419,0.8276397780058868,1.0,A,0.0004437034374996074
open:17x12,A,30,1200,0.02,0.05,0.0,,6,0.3,0.2,2.0,20,0,0.8149509803921569,0.7382352941176472,1.0,40.0,7.6,0.0,134.43621486995073,0.07244444444444445,,30,1.7211286320452421,0.4038694450557349,1.121128632045242,0.8487643459173542,0.9333333333333333,A,0.0004626597224993626
open:17x12,A,30,1200,0.02,0.05,0.0,,4,0.3,0.2,2.0,20,0,0.7977941176470589,0.7427696078431372,1.0,60.0,6.7,0.0,132.24820575306683,0.06616666666666667,,30,1.5810246171971079,0.5154442942446176,0.981024617197108,0.8598133078267823,1.0,A,0.00046950427083326454
open:17x12,A,30,1200,0.02,0.05,0.0,,5,0.3,0.2,2.0,20,0,0.7843137254901961,0.7457107843137256,1.0,60.0,7.066666666666666,0.0,131.63328763215017,0.06802777777777778,,30,1.50868146761988,0.48210177121134523,0.9086814676198799,0.5795241711320013,0.9333333333333333,A,0.00046950413166693276
open:17x12,A,30,1200,0.02,0.05,0.0,,8,0.3,0.2,2.0,20,0,0.5723039215686274,0.71875,1.0,60.0,7.3,0.0,134.05287385202513,0.06927777777777777,,30,1.0143806760087513,0.4441492438386221,0.41438067600875134,0.3154748535566453,0.8666666666666667,A,0.00047444472250087225
open:17x12,A,30,1200,0.02,0.05,0.0,,9,0.3,0.2,2.0,20,0,0.6544117647058824,0.7287581699346404,1.0,40.0,7.366666666666666,0.0,131.04047915646473,0.06977777777777777,,30,1.4257227450176837,0.6907208819393426,0.825722745017684,0.49394728014802747,1.0,A,0.0004693111458330653
open:17x12,B,30,1200,0.02,0.05,0.0,,1,0.3,0.2,2.0,20,0,1.0,0.9988562091503269,1.0,40.0,0.8,0.0,73.91683736788096,0.005083333333333333,,30,2.4339514922724064,0.06008884466159816,1.833951492272406,1.8520036006101612,1.0,B,0.0008225418058327705
open:17x12,B,30,1200,0.02,0.05,0.0,,0,0.3,0.2,2.0,20,0,1.0,0.9992238562091503,1.0,40.0,0.9333333333333333,0.0,73.87334211114188,0.0043055555555555555,,30,2.4592659423587824,0.06086389403914498,1.859265942358782,1.871300168196834,1.0,B,0.0008566665974998008
open:17x12,B,30,1200,0.02,0.05,0.0,,2,0.3,0.2,2.0,20,0,0.9987745098039216,0.9984477124183008,1.0,40.0,0.9,0.0,74.27348592538777,0.003777777777777778,,30,2.3737017403027907,0.07169090552125239,1.7737017403027906,1.7494228642459135,1.0,B,0.0008134354516657064
open:17x12,B,30,1200,0.02,0.05,0.0,,3,0.3,0.2,2.0,20,0,1.0,0.9995506535947712,1.0,40.0,1.1,0.0,73.65974213132657,0.004472222222222222,,30,2.4382455406906374,0.06712286136644476,1.8382455406906368,1.8524156284330808,1.0,B,0.0008288105899994964
open:17x12,B,30,1200,0.02,0.05,0.0,,4,0.3,0.2,2.0,20,0,0.9987745098039216,0.9991013071895427,1.0,40.0,0.8,0.0,73.65101647684665,0.0037222222222222223,,30,2.4159740563936913,0.09163038373228531,1.815974056393691,1.8230148074544499,1.0,B,0.000840474235833426
open:17x12,B,30,1200,0.02,0.05,0.0,,5,0.3,0.2,2.0,20,0,1.0,0.9996732026143792,1.0,40.0,0.9333333333333333,0.0,74.0103607613494,0.0036666666666666666,,30,2.4322481940841763,0.09266401655709225,1.8322481940841766,1.7926323236553636,1.0,B,0.0008473064583328475
open:17x12,B,30,1200,0.02,0.05,0.0,,6,0.3,0.2,2.0,20,0,1.0,0.9991421568627451,1.0,40.0,0.9666666666666667,0.0,73.78726531686029,0.005138888888888889,,30,2.442735940460966,0.05113789305310452,1.8427359404609662,1.8602231386992492,1.0,B,0.0008543930549997943
open:17x12,B,30,1200,0.02,0.05,0.0,,7,0.3,0.2,2.0,20,0,0.9975490196078431,0.9993055555555556,1.0,40.0,0.8666666666666667,0.0,73.76726879529772,0.004166666666666667,,30,2.4253546626145566,0.07497872361435086,1.825354662614557,1.8061259671275114,1.0,B,0.000838186631666152
open:17x12,B,30,1200,0.02,0.05,0.0,,8,0.3,0.2,2.0,20,0,0.9975490196078431,0.9977124183006537,1.0,40.0,0.9666666666666667,0.0,74.48376203955944,0.0039722222222222225,,30,2.3606366487462815,0.0846226652525136,1.7606366487462815,1.6974629342941232,1.0,B,0.0008393517358338917
open:17x12,B,30,1200,0.02,0.05,0.0,,9,0.3,0.2,2.0,20,0,0.9987745098039216,0.9984068627450979,1.0,40.0,0.9,0.0,73.99143860105966,0.0038888888888888888,,30,2.479108543161194,0.07240467335941195,1.8791085431611934,1.845823894550731,1.0,B,0.0008356256591666049
open:17x12,C,30,1200,0.02,0.05,0.0,,0,0.3,0.2,2.0,20,0,0.9963235294117647,0.9963235294117647,1.0,40.0,0.8333333333333334,0.0,77.1507176308979,0.003777777777777778,,30,2.391951922008204,0.06099774006445625,1.7919519220082036,1.7790253664779185,1.0,C,0.000886531180832814
open:17x12,C,30,1200,0.02,0.05,0.0,,1,0.3,0.2,2.0,20,0,0.9938725490196079,0.9979166666666667,1.0,40.0,0.8,0.0,77.33210775989751,0.0026666666666666666,,30,2.4043637264954985,0.049037230470058375,1.8043637264954986,1.7827485323814627,1.0,C,0.0008589929516665506
open:17x12,C,30,1200,0.02,0.05,0.0,,2,0.3,0.2,2.0,20,0,0.9975490196078431,0.9959150326797384,1.0,40.0,0.8,0.0,77.49742645716393,0.002861111111111111,,30,2.391221359360337,0.06299001988321748,1.7912213593603366,1.791477649281201,1.0,C,0.000889017465001416
open:17x12,C,30,1200,0.02,0.05,0.0,,5,0.3,0.2,2.0,20,0,0.9950980392156863,0.9954248366013072,1.0,40.0,0.9333333333333333,0.0,78.04684044063089,0.0025833333333333333,,30,2.339149070547673,0.06917545597515803,1.7391490705476729,1.7446909869607459,1.0,C,0.0008495503824997286
open:17x12,C,30,1200,0.02,0.05,0.0,,4,0.3,0.2,2.0,20,0,0.991421568627451,0.9964869281045751,1.0,40.0,0.7666666666666667,0.0,77.83072245557295,0.0019166666666666666,,30,2.3465644149849267,0.07727125276126438,1.7465644149849273,1.776070395256912,1.0,C,0.0008654296183325035
open:17x12,C,30,1200,0.02,0.05,0.0,,3,0.3,0.2,2.0,20,0,0.9938725490196079,0.9950980392156862,1.0,40.0,1.0666666666666667,0.0,77.00884747462113,0.0033055555555555555,,30,2.388601805670752,0.06464688660037896,1.788601805670751,1.7290303701115772,1.0,C,0.0008919759724994947
open:17x12,C,30,1200,0.02,0.05,0.0,,6,0.3,0.2,2.0,20,0,0.9950980392156863,0.9958741830065361,1.0,40.0,0.9333333333333333,0.0,76.91358758989449,0.0037222222222222223,,30,2.3608544092247774,0.06485403142118595,1.7608544092247767,1.720466724082752,1.0,C,0.0008786984033334496
open:17x12,C,30,1200,0.02,0.05,0.0,,7,0.3,0.2,2.0,20,0,0.9938725490196079,0.9972630718954247,1.0,40.0,1.0,0.0,77.4078340186749,0.003138888888888889,,30,2.406803505808082,0.07444883064822172,1.8068035058080818,1.7951650977568265,1.0,C,0.0008813137158343428
open:17x12,C,30,1200,0.02,0.05,0.0,,8,0.3,0.2,2.0,20,0,0.9987745098039216,0.9976715686274509,1.0,40.0,0.9333333333333333,0.0,76.94835453234745,0.003472222222222222,,30,2.3864956451481287,0.08390195124864598,1.7864956451481289,1.7352548233079337,1.0,C,0.0008558084374999452
open:17x12,C,30,1200,0.02,0.05,0.0,,9,0.3,0.2,2.0,20,0,0.9865196078431373,0.9952205882352942,1.0,40.0,0.8666666666666667,0.0,77.06597598324089,0.0033055555555555555,,30,2.3365606304646045,0.029197259736051983,1.736560630464605,1.7416267108198515,1.0,C,0.0008743378475007072
open:17x12,PF,30,1200,0.02,0.05,0.0,,0,0.3,0.2,2.0,20,0,0.9987745098039216,0.9996732026143794,1.0,40.0,0.8333333333333334,0.0,37.423843384512914,0.00175,,30,2.3733950079029333,0.04515101502060345,1.7733950079029326,1.7669765410580487,1.0,PF,0.0006943073258328999
open:17x12,PF,30,1200,0.02,0.05,0.0,,1,0.3,0.2,2.0,20,0,1.0,1.0,1.0,40.0,0.7666666666666667,0.0,37.53003024769823,0.0011944444444444444,,30,2.41186318613176,0.04217874266380427,1.8118631861317591,1.7666363119938,1.0,PF,0.0007064589583327082
open:17x12,PF,30,1200,0.02,0.05,0.0,,4,0.3,0.2,2.0,20,0,1.0,0.998488562091503,1.0,40.0,0.8666666666666667,0.0,37.4207244227247,0.0011666666666666668,,30,2.3650069925103705,0.054611839201670016,1.7650069925103702,1.7336294579627585,1.0,PF,0.0007023662841659946
open:17x12,PF,30,1200,0.02,0.05,0.0,,3,0.3,0.2,2.0,20,0,1.0,0.9999591503267974,1.0,40.0,1.0,0.0,37.54155444431146,0.0015,,30,2.3695969595780535,0.040625799390409174,1.7695969595780536,1.7626027690346189,1.0,PF,0.0007225112500009346
open:17x12,PF,30,1200,0.02,0.05,0.0,,2,0.3,0.2,2.0,20,0,1.0,0.9997549019607843,1.0,40.0,0.7333333333333333,0.0,37.33185640562307,0.0013055555555555555,,30,2.3728581696929734,0.042973900333620765,1.772858169692973,1.7630317178261503,1.0,PF,0.0007318927433334466
open:17x12,PF,30,1200,0.02,0.05,0.0,,5,0.3,0.2,2.0,20,0,0.9987745098039216,0.9999591503267974,1.0,40.0,0.8333333333333334,0.0,37.36237259931319,0.0013055555555555555,,30,2.34962583516363,0.0477752337949899,1.7496258351636296,1.7277898189357168,1.0,PF,0.0006938368750009735
open:17x12,PF,30,1200,0.02,0.05,0.0,,6,0.3,0.2,2.0,20,0,1.0,0.9998366013071895,1.0,40.0,0.8,0.0,37.4849828468934,0.0015555555555555555,,30,2.423756104897348,0.05433857009179056,1.8237561048973483,1.8559934877311488,1.0,PF,0.000722545833333849
open:17x12,PF,30,1200,0.02,0.05,0.0,,7,0.3,0.2,2.0,20,0,1.0,0.999468954248366,1.0,40.0,0.9,0.0,37.40485389691567,0.0016111111111111111,,30,2.404870332175989,0.05000612808417128,1.804870332175989,1.8324358369357965,1.0,PF,0.0007176832641668322
open:17x12,PF,30,1200,0.02,0.05,0.0,,8,0.3,0.2,2.0,20,0,1.0,0.9997549019607843,1.0,40.0,0.6333333333333333,0.0,37.52056379323713,0.001388888888888889,,30,2.354823501334681,0.042956775466748316,1.754823501334681,1.7386926834179568,1.0,PF,0.0006993020833336535
open:17x12,PF,30,1200,0.02,0.05,0.0,,9,0.3,0.2,2.0,20,0,1.0,0.9999591503267974,1.0,40.0,0.7333333333333333,0.0,37.29342211411047,0.0015,,30,2.3871184306354873,0.04397541347763503,1.7871184306354868,1.783254368532568,1.0,PF,0.0007097177433327791
open:17x12,Boids,30,1200,0.02,0.05,0.0,,0,0.3,0.2,2.0,20,0,0.8933823529411765,0.8954248366013072,0.9987745098039216,40.0,1.0333333333333334,0.0,211.0295783960924,0.0019444444444444444,,30,1.9182516330899582,0.1037121685722469,1.318251633089958,1.3166316405546143,1.0,Boids,0.0007983645483333627
open:17x12,Boids,30,1200,0.02,0.05,0.0,,2,0.3,0.2,2.0,20,0,0.8933823529411765,0.8982434640522875,1.0,40.0,0.6666666666666666,0.0,211.63557719261664,0.0014722222222222222,,30,1.9396846696280512,0.1056884899200574,1.339684669628051,1.2777440958077693,1.0,Boids,0.0007824419100006708
open:17x12,Boids,30,1200,0.02,0.05,0.0,,3,0.3,0.2,2.0,20,0,0.9117647058823529,0.8933823529411762,1.0,40.0,0.9666666666666667,0.0,210.8704094428764,0.0017777777777777779,,30,1.9329606641525718,0.12255923408758643,1.332960664152572,1.3363328000848569,1.0,Boids,0.0007967250000001513
open:17x12,Boids,30,1200,0.02,0.05,0.0,,1,0.3,0.2,2.0,20,0,0.8921568627450981,0.8990604575163398,1.0,40.0,0.8333333333333334,0.0,211.34241109996083,0.0013611111111111111,,30,1.9314282651509813,0.14910394513912986,1.3314282651509812,1.3853610651845574,1.0,Boids,0.0008041498258338228
open:17x12,Boids,30,1200,0.02,0.05,0.0,,4,0.3,0.2,2.0,20,0,0.9007352941176471,0.8966503267973857,1.0,40.0,0.8333333333333334,0.0,211.84037158800817,0.001388888888888889,,30,1.9322800919138001,0.10681610004311055,1.3322800919138007,1.3172641020654832,1.0,Boids,0.0007849035766669962
open:17x12,Boids,30,1200,0.02,0.05,0.0,,5,0.3,0.2,2.0,20,0,0.8970588235294118,0.8891339869281045,1.0,40.0,0.8,0.0,211.0535401818347,0.0014722222222222222,,30,1.968813046374085,0.10735072693574793,1.3688130463740849,1.403835873549904,1.0,Boids,0.0008109233683323207
open:17x12,RW,30,1200,0.02,0.05,0.0,,0,0.3,0.2,2.0,20,0,0.6176470588235294,0.739501633986928,1.0,40.0,9.366666666666667,0.0,143.3631167466659,0.11933333333333333,,30,1.0691686137504726,0.5810379419975245,0.46916861375047253,0.26719742568437665,0.8,RW,0.00045130583333351145
open:17x12,RW,30,1200,0.02,0.05,0.0,,3,0.3,0.2,2.0,20,0,0.7696078431372549,0.7524918300653595,1.0,40.0,10.1,0.0,148.0909610479247,0.11777777777777777,,30,1.3550053409268632,0.576579446443345,0.7550053409268632,0.535141604053369,0.8,RW,0.0004626159374993222
open:17x12,RW,30,1200,0.02,0.05,0.0,,2,0.3,0.2,2.0,20,0,0.7671568627450981,0.7575163398692811,1.0,40.0,8.433333333333334,0.0,148.3669299362033,0.11988888888888889,,30,1.401125830317945,0.47364325451156036,0.8011258303179449,0.8828150129845024,1.0,RW,0.0004649331941664059
open:17x12,RW,30,1200,0.02,0.05,0.0,,1,0.3,0.2,2.0,20,0,0.7512254901960784,0.7583741830065359,1.0,40.0,8.3,0.0,145.5178722624717,0.11030555555555556,,30,1.3960874118435573,0.677545673579444,0.7960874118435579,0.3866087804896374,0.9333333333333333,RW,0.0004732222566660009
open:17x12,Boids,30,1200,0.02,0.05,0.0,,6,0.3,0.2,2.0,20,0,0.8995098039215687,0.9019199346405229,0.9987745098039216,40.0,0.9333333333333333,0.0,210.84936590233207,0.0020833333333333333,,30,1.9753888378399218,0.11435884765797386,1.3753888378399215,1.3873678800378606,1.0,Boids,0.0008311739233325473
open:17x12,Boids,30,1200,0.02,0.05,0.0,,7,0.3,0.2,2.0,20,0,0.8921568627450981,0.8989787581699347,0.9963235294117647,40.0,0.9333333333333333,0.0,211.75599043498465,0.0015833333333333333,,30,1.9048889316278799,0.08784814925798964,1.3048889316278796,1.2868730323905018,1.0,Boids,0.0008128049650000927
open:17x12,Boids,30,1200,0.02,0.05,0.0,,8,0.3,0.2,2.0,20,0,0.9154411764705882,0.9026143790849673,1.0,40.0,0.7666666666666667,0.0,210.82251257541682,0.0016111111111111111,,30,1.982092359871228,0.078939662111027,1.3820923598712278,1.3992383690050767,1.0,Boids,0.0008120045833326609
open:17x12,RW,30,1200,0.02,0.05,0.0,,4,0.3,0.2,2.0,20,0,0.7549019607843137,0.7384395424836602,1.0,40.0,9.0,0.0,148.89539257610613,0.12036111111111111,,30,1.3558368953636524,0.6559404033201008,0.7558368953636521,0.4214401497648831,0.8,RW,0.0004689661808333767
open:17x12,Boids,30,1200,0.02,0.05,0.0,,9,0.3,0.2,2.0,20,0,0.928921568627451,0.8942401960784314,1.0,40.0,0.8,0.0,212.21080914875424,0.0015555555555555555,,30,2.0186069910902877,0.10677682353358672,1.4186069910902879,1.4276365935972466,1.0,Boids,0.0008108868749998995
open:17x12,RW,30,1200,0.02,0.05,0.0,,5,0.3,0.2,2.0,20,0,0.8431372549019608,0.7553513071895426,1.0,40.0,8.733333333333333,0.0,145.05740112701875,0.11894444444444445,,30,1.5410640756564715,0.640583011552756,0.9410640756564714,0.4306026873011637,0.8666666666666667,RW,0.00044907520833324573
open:17x12,RW,30,1200,0.02,0.05,0.0,,6,0.3,0.2,2.0,20,0,0.7389705882352942,0.7386029411764706,1.0,40.0,9.366666666666667,0.0,147.39882531109146,0.12122222222222222,,30,1.4524682860100577,0.5952311188948152,0.8524682860100579,0.6946444787556557,0.9333333333333333,RW,0.00046545902833410464
open:17x12,RW,30,1200,0.02,0.05,0.0,,8,0.3,0.2,2.0,20,0,0.7046568627450981,0.7327205882352941,1.0,40.0,8.466666666666667,0.0,142.72672884874152,0.11191666666666666,,30,1.3825837936274956,0.46284556370716884,0.7825837936274955,0.6589823032286369,0.9333333333333333,RW,0.0004639124650005518
open:17x12,RW,30,1200,0.02,0.05,0.0,,7,0.3,0.2,2.0,20,0,0.7781862745098039,0.743218954248366,1.0,40.0,10.033333333333333,0.0,148.14428281190027,0.1313888888888889,,30,1.5941666517008812,0.49118069345437937,0.9941666517008815,0.9558698797492837,0.9333333333333333,RW,0.00047675510416562853
open:17x12,RW,30,1200,0.02,0.05,0.0,,9,0.3,0.2,2.0,20,0,0.6973039215686274,0.7535539215686275,1.0,40.0,9.7,0.0,143.38961409636812,0.11933333333333333,,30,1.366034622025094,0.7144395470101154,0.7660346220250941,0.28474772153921696,0.9333333333333333,RW,0.0004712955208333369
open:31x21,A,100,1200,0.02,0.05,0.0,,0,0.3,0.2,2.0,20,0,0.7799539170506913,0.8068228366615462,1.0,100.0,8.5,0.0,155.89383768162773,0.08134166666666667,,100,1.3514029112730706,0.5659963285980931,0.7514029112730702,0.5041497429230593,0.9,A,0.0008154862500002006
open:31x21,A,100,1200,0.02,0.05,0.0,,1,0.3,0.2,2.0,20,0,0.7987711213517665,0.8070788530465948,1.0,100.0,9.0,0.0,154.09068237630507,0.084675,,100,1.4202759524894353,0.461825428421828,0.8202759524894353,0.6534778239987097,0.96,A,0.0007913965625008738
open:31x21,A,100,1200,0.02,0.05,0.0,,2,0.3,0.2,2.0,20,0,0.8006912442396313,0.7953149001536098,1.0,120.0,8.36,0.0,154.25353526436297,0.08079166666666666,,100,1.3823827400654611,0.5368515657721205,0.7823827400654609,0.563986604766115,0.96,A,0.0007995454508333448
open:31x21,A,100,1200,0.02,0.05,0.0,,3,0.3,0.2,2.0,20,0,0.7980030721966206,0.7867767537122375,1.0,80.0,8.53,0.0,154.52654639267902,0.08279166666666667,,100,1.4504084145743281,0.5173853548254219,0.850408414574328,0.621332180880361,0.94,A,0.0007902087499996924
open:31x21,A,100,1200,0.02,0.05,0.0,,4,0.3,0.2,2.0,20,0,0.7661290322580645,0.7950716845878136,1.0,100.0,8.4,0.0,156.1935182155885,0.08083333333333333,,100,1.1737127427804996,0.6181099363997435,0.5737127427804996,0.2675181769875522,0.88,A,0.000776409965833409
open:31x21,A,100,1200,0.02,0.05,0.0,,6,0.3,0.2,2.0,20,0,0.7703533026113671,0.8014464925755249,1.0,120.0,8.87,0.0,155.09152298321717,0.08311666666666667,,100,1.3049733085716622,0.4944181970105888,0.7049733085716623,0.5128219907280804,0.92,A,0.0007582447216661118
open:31x21,A,100,1200,0.02,0.05,0.0,,5,0.3,0.2,2.0,20,0,0.7884024577572964,0.7923323092677932,1.0,120.0,8.29,0.0,155.12725901440265,0.08028333333333333,,100,1.321900747946918,0.5302836816583312,0.7219007479469183,0.40131139920833,0.96,A,0.000767068749999756
open:31x21,A,100,1200,0.02,0.05,0.0,,7,0.3,0.2,2.0,20,0,0.8183563748079877,0.8000384024577574,1.0,80.0,8.82,0.0,153.80455149029603,0.08465833333333334,,100,1.390064610385179,0.4721634992509857,0.790064610385179,0.584494450039082,0.98,A,0.0007825375350012109
open:31x21,A,100,1200,0.02,0.05,0.0,,8,0.3,0.2,2.0,20,0,0.7596006144393241,0.7984126984126985,1.0,120.0,8.74,0.0,155.11611631459243,0.08215,,100,1.2300337734128168,0.5017760702976035,0.630033773412817,0.3662552495033083,0.9,A,0.0007897673266658482
open:31x21,A,100,1200,0.02,0.05,0.0,,9,0.3,0.2,2.0,20,0,0.7899385560675883,0.8039810547875065,1.0,100.0,8.92,0.0,154.33312008637125,0.08208333333333333,,100,1.328024214533813,0.5420560761096181,0.7280242145338132,0.5285873698194118,0.84,A,0.0007305270133338127
open:31x21,B,100,1200,0.02,0.05,0.0,,0,0.3,0.2,2.0,20,0,1.0,0.9997183819764465,1.0,80.0,1.14,0.0,76.03876640972302,0.013491666666666667,,100,2.341241020210084,0.06218974230978987,1.741241020210084,1.7446647390189012,1.0,B,0.0023349583333341192
open:31x21,B,100,1200,0.02,0.05,0.0,,1,0.3,0.2,2.0,20,0,0.9996159754224271,0.9997439836149512,1.0,80.0,1.15,0.0,76.48787145540881,0.014483333333333334,,100,2.3510632568515977,0.06934104376131157,1.7510632568515982,1.7646511097189936,1.0,B,0.0023557366325000356
open:31x21,B,100,1200,0.02,0.05,0.0,,2,0.3,0.2,2.0,20,0,1.0,0.9998719918074757,1.0,60.0,1.11,0.0,75.96739868339472,0.01315,,100,2.34066534512308,0.08176715308161099,1.7406653451230794,1.7803862176623697,1.0,B,0.0023320111108326574
open:31x21,B,100,1200,0.02,0.05,0.0,,3,0.3,0.2,2.0,20,0,0.999231950844854,0.9997695852534563,1.0,80.0,1.2,0.0,75.80306117210198,0.013583333333333333,,100,2.363632265280294,0.06790518378495773,1.763632265280294,1.7590289565651014,1.0,B,0.002309672569166044
open:31x21,B,100,1200,0.02,0.05,0.0,,5,0.3,0.2,2.0,20,0,0.9996159754224271,0.999679979518689,1.0,60.0,1.16,0.0,76.41518730964317,0.013666666666666667,,100,2.3275888530883697,0.07932952133264431,1.7275888530883694,1.7188830989493886,1.0,B,0.0023300083333333533
open:31x21,B,100,1200,0.02,0.05,0.0,,4,0.3,0.2,2.0,20,0,0.9996159754224271,0.9995647721454173,1.0,60.0,1.2,0.0,76.12070226368667,0.013891666666666667,,100,2.3065374195510446,0.0715487615974877,1.7065374195510443,1.719076213819744,1.0,B,0.002352218229167799
open:31x21,B,100,1200,0.02,0.05,0.0,,6,0.3,0.2,2.0,20,0,1.0,0.9997183819764465,1.0,80.0,1.15,0.0,76.16369976335614,0.01325,,100,2.346629075073443,0.06397821371482505,1.7466290750734437,1.7464299421356297,1.0,B,0.0023522489933338873
open:31x21,B,100,1200,0.02,0.05,0.0,,7,0.3,0.2,2.0,20,0,0.9996159754224271,0.9996671786994367,1.0,80.0,1.2,0.0,76.18949735804539,0.013325,,100,2.3474325362040247,0.05695733318915504,1.7474325362040244,1.7327498149856324,1.0,B,0.002339413471666679
open:31x21,B,100,1200,0.02,0.05,0.0,,8,0.3,0.2,2.0,20,0,0.9996159754224271,0.9998463901689707,1.0,80.0,1.2,0.0,76.11731290052768,0.013683333333333334,,100,2.342941767941394,0.06454745482777106,1.742941767941394,1.7689689183422863,1.0,B,0.002333165903332883
open:31x21,C,100,1200,0.02,0.05,0.0,,0,0.3,0.2,2.0,20,0,0.999231950844854,0.9988095238095238,1.0,60.0,1.27,0.0,78.91028322444409,0.008708333333333334,,100,2.344403453402686,0.05568964333979541,1.7444034534026858,1.7567036814163624,1.0,C,0.0022439463541665343
open:31x21,B,100,1200,0.02,0.05,0.0,,9,0.3,0.2,2.0,20,0,0.9996159754224271,0.9997439836149514,1.0,80.0,1.26,0.0,75.45006929596222,0.014083333333333333,,100,2.334333363180092,0.05588599848291149,1.7343333631800923,1.7509291520631307,1.0,B,0.0023363936458326864
open:31x21,C,100,1200,0.02,0.05,0.0,,1,0.3,0.2,2.0,20,0,0.9980798771121352,0.9983358934971837,1.0,60.0,1.2,0.0,78.44425772637796,0.00975,,100,2.3618364880382923,0.0646756304070587,1.7618364880382922,1.7762755154842955,1.0,C,0.002265861770832392
open:31x21,C,100,1200,0.02,0.05,0.0,,2,0.3,0.2,2.0,20,0,0.9984639016897081,0.9985407066052228,1.0,60.0,1.24,0.0,78.5742569180406,0.009841666666666667,,100,2.3542596983577897,0.063992542629716,1.7542596983577903,1.7513004480065673,1.0,C,0.002263207708333539
open:31x21,C,100,1200,0.02,0.05,0.0,,3,0.3,0.2,2.0,20,0,0.9988479262672811,0.9987455197132616,1.0,60.0,1.37,0.0,78.80955957460874,0.009533333333333333,,100,2.35545559756157,0.06319343652872317,1.75545559756157,1.7430344367833768,1.0,C,0.00227725312499994
open:31x21,C,100,1200,0.02,0.05,0.0,,4,0.3,0.2,2.0,20,0,0.9988479262672811,0.9985535074244751,1.0,60.0,1.1,0.0,78.5806893112913,0.0093,,100,2.4163420870581085,0.04490719460028726,1.8163420870581088,1.819987682658149,1.0,C,0.002297697916666645
open:31x21,C,100,1200,0.02,0.05,0.0,,5,0.3,0.2,2.0,20,0,0.9988479262672811,0.9988223246287762,1.0,60.0,1.22,0.0,78.69057401505816,0.009691666666666666,,100,2.348676371893396,0.04979336627360444,1.7486763718933958,1.73616064040664,1.0,C,0.002275062916666381
open:31x21,C,100,1200,0.02,0.05,0.0,,6,0.3,0.2,2.0,20,0,0.9988479262672811,0.9986943164362518,1.0,60.0,1.24,0.0,78.80912491494755,0.009691666666666666,,100,2.3518248099620824,0.056080753391261215,1.751824809962082,1.7394527876103787,1.0,C,0.002249859687500854
open:31x21,C,100,1200,0.02,0.05,0.0,,7,0.3,0.2,2.0,20,0,0.9984639016897081,0.9985151049667178,1.0,60.0,1.29,0.0,79.04121461548773,0.009091666666666666,,100,2.3565314949715295,0.05002633751228252,1.7565314949715296,1.756199593700397,1.0,C,0.0022427353816677474
open:31x21,PF,100,1200,0.02,0.05,0.0,,0,0.3,0.2,2.0,20,0,1.0,0.9998463901689708,1.0,60.0,1.13,0.0,40.125152055469236,0.0026416666666666667,,100,2.420246798638439,0.05018543496679077,1.8202467986384385,1.8433367298701662,1.0,PF,0.0019561351391666902
open:31x21,PF,100,1200,0.02,0.05,0.0,,1,0.3,0.2,2.0,20,0,0.9996159754224271,0.9996031746031745,1.0,60.0,1.21,0.0,40.18075791853798,0.0028083333333333333,,100,2.450540038571917,0.040806359347967544,1.850540038571917,1.8518548548094858,1.0,PF,0.001926919444166136
open:31x21,PF,100,1200,0.02,0.05,0.0,,2,0.3,0.2,2.0,20,0,1.0,0.9998719918074758,1.0,60.0,1.15,0.0,40.0922958906004,0.0025416666666666665,,100,2.4225473732620313,0.04278071760273895,1.822547373262031,1.821579825922616,1.0,PF,0.001965683264167334
open:31x21,C,100,1200,0.02,0.05,0.0,,8,0.3,0.2,2.0,20,0,0.9984639016897081,0.9986943164362518,1.0,60.0,1.31,0.0,78.43282472604392,0.010058333333333334,,100,2.368537157726148,0.0646871283196363,1.7685371577261486,1.7378583673345587,1.0,C,0.002280193402499814
open:31x21,PF,100,1200,0.02,0.05,0.0,,3,0.3,0.2,2.0,20,0,1.0,1.0,1.0,60.0,1.2,0.0,40.09815074910423,0.0028083333333333333,,100,2.425027574646612,0.04682882900598603,1.8250275746466116,1.820853281434333,1.0,PF,0.0019701817708331266
open:31x21,C,100,1200,0.02,0.05,0.0,,9,0.3,0.2,2.0,20,0,0.999231950844854,0.9987967229902713,1.0,60.0,1.47,0.0,78.64183497345738,0.0098,,100,2.3256974441011,0.06460818997280665,1.7256974441011002,1.724858287271604,1.0,C,0.0022640222916667577
open:31x21,PF,100,1200,0.02,0.05,0.0,,4,0.3,0.2,2.0,20,0,1.0,1.0,1.0,60.0,1.07,0.0,40.08755008280899,0.0025916666666666666,,100,2.4289377456243697,0.050228649568752656,1.8289377456243696,1.8327004497937964,1.0,PF,0.001978750104167375
open:31x21,PF,100,1200,0.02,0.05,0.0,,5,0.3,0.2,2.0,20,0,1.0,0.9999359959037378,1.0,60.0,1.14,0.0,40.09018907134483,0.00265,,100,2.442420084690821,0.046955736458373115,1.842420084690821,1.8630525405794216,1.0,PF,0.0019818569791656654
open:31x21,PF,100,1200,0.02,0.05,0.0,,6,0.3,0.2,2.0,20,0,1.0,0.9999231950844855,1.0,60.0,1.15,0.0,40.096130099270255,0.0027083333333333334,,100,2.420675740862563,0.04595655977186238,1.8206757408625633,1.813609883912916,1.0,PF,0.0020111321875007585
open:31x21,PF,100,1200,0.02,0.05,0.0,,7,0.3,0.2,2.0,20,0,1.0,0.9999231950844855,1.0,60.0,1.21,0.0,40.08718656827757,0.0028,,100,2.4216591618638903,0.0438547554695297,1.8216591618638902,1.8321656035336389,1.0,PF,0.0019358403125003558
open:31x21,PF,100,1200,0.02,0.05,0.0,,8,0.3,0.2,2.0,20,0,1.0,0.9998335893497184,1.0,60.0,0.97,0.0,40.116439727571766,0.002475,,100,2.437316608015033,0.04731312181240561,1.837316608015033,1.8447718070150956,1.0,PF,0.0019555099999994732
open:31x21,PF,100,1200,0.02,0.05,0.0,,9,0.3,0.2,2.0,20,0,1.0,1.0,1.0,60.0,1.22,0.0,40.12898952734402,0.0028083333333333333,,100,2.4283260645119666,0.04333964084436927,1.8283260645119668,1.8454334066090896,1.0,PF,0.0019305881250011225
open:31x21,Boids,100,1200,0.02,0.05,0.0,,0,0.3,0.2,2.0,20,0,0.9397081413210445,0.9224398361495135,0.9996159754224271,60.0,1.18,0.0,220.28115863044866,0.0028333333333333335,,100,2.0455423892301265,0.14350733107222072,1.4455423892301267,1.4468530420749404,1.0,Boids,0.0021554909024992714
open:31x21,Boids,100,1200,0.02,0.05,0.0,,1,0.3,0.2,2.0,20,0,0.8997695852534562,0.9208525345622118,0.9996159754224271,60.0,1.17,0.0,220.64135107156963,0.0029833333333333335,,100,2.037729816811445,0.1324115370227308,1.4377298168114445,1.409352688625271,1.0,Boids,0.002149568854166925
open:31x21,Boids,100,1200,0.02,0.05,0.0,,2,0.3,0.2,2.0,20,0,0.9258832565284179,0.9246415770609319,0.9996159754224271,60.0,1.16,0.0,220.3511439887996,0.0028833333333333332,,100,2.0419476347331265,0.13666829499665645,1.4419476347331266,1.4439034965208433,1.0,Boids,0.0021430447916676106
open:31x21,Boids,100,1200,0.02,0.05,0.0,,3,0.3,0.2,2.0,20,0,0.9178187403993856,0.923399897593446,1.0,60.0,1.13,0.0,220.1708606701265,0.0030416666666666665,,100,2.0371353369156204,0.12914576812097114,1.43713533691562,1.4247278194536652,1.0,Boids,0.0021625051041655754
open:31x21,Boids,100,1200,0.02,0.05,0.0,,4,0.3,0.2,2.0,20,0,0.9339477726574501,0.9217101894521248,1.0,60.0,0.93,0.0,220.94963046041718,0.0029333333333333334,,100,2.0570899948381567,0.09780415344001056,1.4570899948381566,1.4946523604049697,1.0,Boids,0.002156367361665919
open:31x21,Boids,100,1200,0.02,0.05,0.0,,5,0.3,0.2,2.0,20,0,0.9193548387096774,0.9231182795698921,0.999231950844854,60.0,1.03,0.0,220.55170024823477,0.0024333333333333334,,100,2.0703449142228147,0.13431083994490206,1.4703449142228149,1.396347301605295,1.0,Boids,0.0021331840274994344
open:31x21,RW,100,1200,0.02,0.05,0.0,,0,0.3,0.2,2.0,20,0,0.8091397849462365,0.8031746031746033,1.0,80.0,10.39,0.0,169.6828503399248,0.13440833333333332,,100,1.3942338003181027,0.5841210040696488,0.7942338003181026,0.44025207646643383,0.85,RW,0.0007736416316674877
open:31x21,RW,100,1200,0.02,0.05,0.0,,1,0.3,0.2,2.0,20,0,0.7995391705069125,0.8009856630824372,1.0,80.0,11.1,0.0,169.37256943918953,0.13213333333333332,,100,1.2731974035751958,0.5334604706203622,0.6731974035751955,0.42328613977728524,0.92,RW,0.0007742321875002744
open:31x21,RW,100,1200,0.02,0.05,0.0,,2,0.3,0.2,2.0,20,0,0.7465437788018433,0.8175115207373272,1.0,80.0,9.93,0.0,172.96191623445193,0.13191666666666665,,100,1.3324644011502782,0.5025374521320795,0.7324644011502782,0.5234353252474616,0.94,RW,0.0007595290974995806
open:31x21,RW,100,1200,0.02,0.05,0.0,,3,0.3,0.2,2.0,20,0,0.848310291858679,0.8006016385048642,1.0,80.0,10.82,0.0,168.93765494993477,0.13738333333333333,,100,1.3726473787936109,0.46642088349223615,0.7726473787936107,0.8067234533613951,0.9,RW,0.0007877430208327496
open:31x21,RW,100,1200,0.02,0.05,0.0,,4,0.3,0.2,2.0,20,0,0.8367895545314901,0.8063876088069636,1.0,80.0,10.44,0.0,171.4270508168277,0.13419166666666665,,100,1.3707906532435234,0.551758439105443,0.7707906532435235,0.6538127189529868,0.79,RW,0.0007453158333328247
open:31x21,RW,100,1200,0.02,0.05,0.0,,7,0.3,0.2,2.0,20,0,0.8310291858678955,0.8090757808499746,1.0,80.0,10.32,0.0,170.27468431078236,0.136075,,100,1.4529033197709362,0.49128748448563503,0.8529033197709361,0.67345566058872,0.88,RW,0.0007289374999997259
open:31x21,RW,100,1200,0.02,0.05,0.0,,5,0.3,0.2,2.0,20,0,0.8356374807987711,0.8033922171018945,1.0,80.0,10.44,0.0,171.82037985109778,0.13235833333333333,,100,1.3074740741206812,0.5572893853389637,0.7074740741206814,0.3735452097558612,0.94,RW,0.0007534994441675735
open:31x21,RW,100,1200,0.02,0.05,0.0,,6,0.3,0.2,2.0,20,0,0.7884024577572964,0.8072452636968765,1.0,80.0,10.16,0.0,171.3502558950015,0.129675,,100,1.355804432320729,0.46082400983253713,0.7558044323207288,0.6434837216950274,0.93,RW,0.0007472649308328983
open:31x21,RW,100,1200,0.02,0.05,0.0,,8,0.3,0.2,2.0,20,0,0.8736559139784946,0.7949692780337944,1.0,80.0,10.58,0.0,169.91594270903317,0.13451666666666667,,100,1.5677330552596316,0.5105824431072947,0.9677330552596315,0.8098546795544604,0.92,RW,0.0007378906249990299
open:31x21,Boids,100,1200,0.02,0.05,0.0,,6,0.3,0.2,2.0,20,0,0.90284178187404,0.9225550435227855,1.0,60.0,1.3,0.0,221.00739398970254,0.0029833333333333335,,100,2.035336441681846,0.1428750166622107,1.435336441681845,1.4592065055255707,1.0,Boids,0.0021759718058334933
open:31x21,RW,100,1200,0.02,0.05,0.0,,9,0.3,0.2,2.0,20,0,0.8609831029185868,0.8008064516129033,1.0,80.0,10.68,0.0,170.55278152675183,0.13784166666666667,,100,1.5563962459599,0.5000403789511955,0.9563962459598998,0.8244647486574427,0.92,RW,0.0007499810416660087
open:31x21,Boids,100,1200,0.02,0.05,0.0,,7,0.3,0.2,2.0,20,0,0.9258832565284179,0.9234126984126985,1.0,60.0,1.12,0.0,220.41508846291902,0.0028833333333333332,,100,2.0560173061920493,0.09788060034474146,1.4560173061920494,1.4593256806437083,1.0,Boids,0.0022210946875005294
open:31x21,Boids,100,1200,0.02,0.05,0.0,,8,0.3,0.2,2.0,20,0,0.9289554531490015,0.9260112647209423,1.0,60.0,1.26,0.0,220.73180454948707,0.002758333333333333,,100,2.0418524569149685,0.09949226182455136,1.441852456914969,1.4237490559577322,1.0,Boids,0.002199731423334015
open:31x21,Boids,100,1200,0.02,0.05,0.0,,9,0.3,0.2,2.0,20,0,0.9112903225806451,0.9234126984126985,0.9996159754224271,60.0,1.23,0.0,220.7659854661625,0.0028083333333333333,,100,1.993907398041639,0.1573697214220237,1.3939073980416388,1.3940952662971404,1.0,Boids,0.0021897441316665813
open:54x36,A,300,1200,0.02,0.05,0.0,,0,0.3,0.2,2.0,20,0,0.8224022633744856,0.824275548696845,1.0,260.0,9.46,0.0,161.98792566520635,0.10646666666666667,,300,1.3324802743271675,0.422661202966145,0.7324802743271678,0.6400389516747939,0.9333333333333333,A,0.00176242354166637
open:54x36,A,300,1200,0.02,0.05,0.0,,2,0.3,0.2,2.0,20,0,0.8353909465020576,0.8169624485596708,1.0,240.0,9.423333333333334,0.0,162.06909288222704,0.1061388888888889,,300,1.3519942729739558,0.48129706970686087,0.7519942729739559,0.6224827771618648,0.92,A,0.0017599681250006446
open:54x36,A,300,1200,0.02,0.05,0.0,,1,0.3,0.2,2.0,20,0,0.82690329218107,0.8212448559670782,1.0,240.0,9.566666666666666,0.0,162.31837159726618,0.10853055555555556,,300,1.3533431399587057,0.4751920740692586,0.7533431399587058,0.5735842545082787,0.9166666666666666,A,0.0017733294091658537
open:54x36,A,300,1200,0.02,0.05,0.0,,3,0.3,0.2,2.0,20,0,0.8440072016460906,0.8270404663923183,1.0,280.0,9.516666666666667,0.0,162.95174639257792,0.10799444444444445,,300,1.3882601713988727,0.4661704047030372,0.7882601713988728,0.6257559358835622,0.9533333333333334,A,0.001853710694167603
open:54x36,A,300,1200,0.02,0.05,0.0,,4,0.3,0.2,2.0,20,0,0.8382201646090535,0.8320558984910839,1.0,260.0,9.553333333333333,0.0,162.9726891607463,0.10886111111111112,,300,1.375081240727222,0.4735686153478821,0.7750812407272218,0.6418598220012098,0.94,A,0.0017602579516657593
open:54x36,A,300,1200,0.02,0.05,0.0,,5,0.3,0.2,2.0,20,0,0.8043981481481481,0.8290466392318245,1.0,220.0,9.44,0.0,163.01468957473952,0.10764722222222223,,300,1.3208656049233465,0.4330112715340193,0.7208656049233465,0.6572628879053933,0.9266666666666666,A,0.001753452395834453
open:54x36,A,300,1200,0.02,0.05,0.0,,6,0.3,0.2,2.0,20,0,0.8220164609053497,0.8248628257887518,1.0,200.0,9.483333333333333,0.0,162.6486472201851,0.10476944444444444,,300,1.3619160484659547,0.44774607928945603,0.7619160484659548,0.6050290631854064,0.9366666666666666,A,0.001744216666666034
open:54x36,A,300,1200,0.02,0.05,0.0,,7,0.3,0.2,2.0,20,0,0.8164866255144033,0.8265346364883402,1.0,220.0,9.493333333333334,0.0,163.0414252614225,0.104425,,300,1.3025679342001688,0.5190440098131869,0.7025679342001689,0.5381258423329881,0.9333333333333333,A,0.001733164444999602
open:54x36,A,300,1200,0.02,0.05,0.0,,8,0.3,0.2,2.0,20,0,0.8308899176954733,0.8284079218106996,1.0,240.0,9.25,0.0,162.6558804976234,0.10739166666666666,,300,1.336448566315631,0.47004364235487794,0.7364485663156307,0.5382758021841426,0.9333333333333333,A,0.0017290766666671212
open:54x36,A,300,1200,0.02,0.05,0.0,,9,0.3,0.2,2.0,20,0,0.7910236625514403,0.8210433813443071,1.0,240.0,9.793333333333333,0.0,161.27077830485516,0.11018333333333333,,300,1.3115233176049328,0.49539106880909445,0.711523317604933,0.4925709632613432,0.95,A,0.001634654860833204
open:54x36,B,300,1200,0.02,0.05,0.0,,1,0.3,0.2,2.0,20,0,0.9994855967078189,0.9998156721536348,1.0,120.0,1.3733333333333333,0.0,78.13690337225201,0.03436111111111111,,300,2.3504967754853228,0.07912718007901931,1.750496775485323,1.7808235733831637,1.0,B,0.00792095340250095
open:54x36,B,300,1200,0.02,0.05,0.0,,0,0.3,0.2,2.0,20,0,1.0,0.9998756858710564,1.0,120.0,1.3333333333333333,0.0,77.9750970446266,0.03444166666666667,,300,2.365974377588066,0.06235332219514353,1.765974377588066,1.7692994439189138,1.0,B,0.007972200763332087
open:54x36,B,300,1200,0.02,0.05,0.0,,2,0.3,0.2,2.0,20,0,1.0,0.9997942386831276,1.0,120.0,1.34,0.0,78.09663706096772,0.03320555555555556,,300,2.35630172069861,0.06983611163589368,1.7563017206986096,1.7772341009934705,1.0,B,0.007905525278333698
open:54x36,B,300,1200,0.02,0.05,0.0,,3,0.3,0.2,2.0,20,0,0.9998713991769548,0.9997985253772288,1.0,120.0,1.37,0.0,77.93407791718234,0.03400555555555555,,300,2.3482170539851084,0.06751837987823832,1.7482170539851085,1.783825603444165,1.0,B,0.007891036423332783
open:54x36,B,300,1200,0.02,0.05,0.0,,5,0.3,0.2,2.0,20,0,1.0,0.9997856652949245,1.0,120.0,1.4366666666666668,0.0,78.07598042317636,0.034402777777777775,,300,2.3619894328462987,0.06200472204271161,1.7619894328462988,1.7578379275005627,1.0,B,0.007871994409999085
open:54x36,B,300,1200,0.02,0.05,0.0,,4,0.3,0.2,2.0,20,0,0.9997427983539094,0.9997985253772291,1.0,120.0,1.3233333333333333,0.0,77.89750688036024,0.03360833333333333,,300,2.3631162188408164,0.06629293249549705,1.7631162188408158,1.7699742741409261,1.0,B,0.0079429688191658
open:54x36,B,300,1200,0.02,0.05,0.0,,6,0.3,0.2,2.0,20,0,0.9997427983539094,0.9998842592592593,1.0,120.0,1.3,0.0,77.927318675903,0.034308333333333337,,300,2.35749487918631,0.06851137968792928,1.75749487918631,1.7650734624151592,1.0,B,0.007935421180833752
open:54x36,B,300,1200,0.02,0.05,0.0,,7,0.3,0.2,2.0,20,0,0.9998713991769548,0.9996356310013716,1.0,120.0,1.3666666666666667,0.0,78.0457747495181,0.03406388888888889,,300,2.3523285075516234,0.0662447950030518,1.752328507551623,1.746110806901301,1.0,B,0.007934339305000624
open:54x36,B,300,1200,0.02,0.05,0.0,,8,0.3,0.2,2.0,20,0,1.0,0.9998156721536351,1.0,120.0,1.3566666666666667,0.0,77.94090736805414,0.03491111111111111,,300,2.365523426266053,0.0644482602195619,1.7655234262660526,1.7794818388280602,1.0,B,0.007981587708333487
open:54x36,C,300,1200,0.02,0.05,0.0,,0,0.3,0.2,2.0,20,0,0.9993569958847737,0.9992155349794238,1.0,120.0,1.7933333333333332,0.0,80.3972147193101,0.02896388888888889,,300,2.407804637369037,0.056490937858758784,1.8078046373690373,1.8248165101488498,1.0,C,0.00753761298583413
open:54x36,C,300,1200,0.02,0.05,0.0,,2,0.3,0.2,2.0,20,0,0.9993569958847737,0.9993012688614539,1.0,120.0,1.6766666666666667,0.0,80.4629926494843,0.026319444444444444,,300,2.4112611524895238,0.05519527302416376,1.8112611524895237,1.8122766870776745,1.0,C,0.0074480655908322055
open:54x36,C,300,1200,0.02,0.05,0.0,,1,0.3,0.2,2.0,20,0,0.9990997942386831,0.9991726680384088,1.0,120.0,1.7566666666666666,0.0,80.3081008794817,0.029961111111111112,,300,2.3946205380913184,0.05258114026410092,1.7946205380913185,1.802502721103998,1.0,C,0.007590375624999979
open:54x36,C,300,1200,0.02,0.05,0.0,,3,0.3,0.2,2.0,20,0,0.9987139917695473,0.9991340877914952,1.0,120.0,1.78,0.0,80.59759234843385,0.02711388888888889,,300,2.395665509122374,0.05317646060501557,1.795665509122374,1.8109933989487073,1.0,C,0.007439681596667166
open:54x36,B,300,1200,0.02,0.05,0.0,,9,0.3,0.2,2.0,20,0,0.9997427983539094,0.9997042181069958,1.0,120.0,1.3866666666666667,0.0,78.28922951247829,0.034666666666666665,,300,2.3635169312112687,0.06530190531695036,1.7635169312112688,1.7780169736884535,1.0,B,0.007774767464999665
open:54x36,C,300,1200,0.02,0.05,0.0,,4,0.3,0.2,2.0,20,0,0.9990997942386831,0.9990955075445817,1.0,120.0,1.81,0.0,80.28270934994875,0.028705555555555557,,300,2.4140464922998777,0.05128060842180896,1.8140464922998778,1.8223091418958832,1.0,C,0.0075365046875003824
open:54x36,C,300,1200,0.02,0.05,0.0,,5,0.3,0.2,2.0,20,0,0.9989711934156379,0.9990997942386832,1.0,120.0,1.69,0.0,80.54944267208167,0.027683333333333334,,300,2.3963739985500947,0.05406378290900829,1.7963739985500944,1.8025271639041962,1.0,C,0.007515316110833131
open:54x36,C,300,1200,0.02,0.05,0.0,,6,0.3,0.2,2.0,20,0,0.9989711934156379,0.9991340877914952,1.0,120.0,1.6866666666666668,0.0,80.33395810674261,0.027205555555555556,,300,2.4170428900567718,0.05281855990464804,1.8170428900567717,1.8219656556262043,1.0,C,0.007516590520834446
open:54x36,C,300,1200,0.02,0.05,0.0,,7,0.3,0.2,2.0,20,0,0.9992283950617284,0.9992412551440328,1.0,120.0,1.6533333333333333,0.0,80.3606253360696,0.027352777777777778,,300,2.4141427457986144,0.05251265121494069,1.8141427457986148,1.8136234431528555,1.0,C,0.007530450486665358
open:54x36,PF,300,1200,0.02,0.05,0.0,,0,0.3,0.2,2.0,20,0,1.0,0.9999228395061729,1.0,120.0,1.45,0.0,43.93105565332422,0.0049722222222222225,,300,2.452927908758304,0.047766922991503404,1.8529279087583042,1.8513083003696567,1.0,PF,0.006651735520833124
open:54x36,PF,300,1200,0.02,0.05,0.0,,1,0.3,0.2,2.0,20,0,1.0,0.999991426611797,1.0,120.0,1.39,0.0,43.95081787988619,0.004838888888888889,,300,2.4677813243114572,0.03989520714131621,1.8677813243114572,1.8719152714489886,1.0,PF,0.00669714159749977
open:54x36,PF,300,1200,0.02,0.05,0.0,,2,0.3,0.2,2.0,20,0,1.0,1.0,1.0,120.0,1.3166666666666667,0.0,43.953539025047505,0.004641666666666666,,300,2.471336378189349,0.04389497647931006,1.871336378189349,1.8860179043173493,1.0,PF,0.006731765486667124
open:54x36,PF,300,1200,0.02,0.05,0.0,,3,0.3,0.2,2.0,20,0,1.0,0.9999785665294925,1.0,120.0,1.36,0.0,43.910042929625675,0.004852777777777778,,300,2.450937575504772,0.03990340133280324,1.850937575504772,1.8619511992409445,1.0,PF,0.006704011735832864
open:54x36,PF,300,1200,0.02,0.05,0.0,,4,0.3,0.2,2.0,20,0,0.9998713991769548,0.9999356995884773,1.0,120.0,1.5033333333333334,0.0,43.90260656997911,0.005152777777777778,,300,2.4808859396978398,0.043762723085332376,1.88088593969784,1.8971491898680077,1.0,PF,0.006675654965833928
open:54x36,PF,300,1200,0.02,0.05,0.0,,5,0.3,0.2,2.0,20,0,1.0,0.9999185528120713,1.0,120.0,1.3533333333333333,0.0,43.963946614842676,0.004705555555555556,,300,2.461770049518162,0.040888705133905766,1.8617700495181615,1.8770969444874566,1.0,PF,0.006748806562500249
open:54x36,C,300,1200,0.02,0.05,0.0,,8,0.3,0.2,2.0,20,0,0.9993569958847737,0.9992969821673527,1.0,120.0,1.7766666666666666,0.0,80.41066445557522,0.028180555555555556,,300,2.4184546601629644,0.05127403505078224,1.8184546601629639,1.8183858735161396,1.0,C,0.008082791111666363
open:54x36,C,300,1200,0.02,0.05,0.0,,9,0.3,0.2,2.0,20,0,0.9992283950617284,0.9992026748971194,1.0,120.0,1.6033333333333333,0.0,80.35864288812864,0.028763888888888887,,300,2.4021617063440877,0.05315911935038744,1.8021617063440882,1.8121062939673376,1.0,C,0.008112427639166525
open:54x36,PF,300,1200,0.02,0.05,0.0,,6,0.3,0.2,2.0,20,0,1.0,0.999991426611797,1.0,120.0,1.3566666666666667,0.0,43.91027808084384,0.004752777777777778,,300,2.4626797490135264,0.04106355935592566,1.8626797490135263,1.8672918503986096,1.0,PF,0.006787254270834637
open:54x36,PF,300,1200,0.02,0.05,0.0,,8,0.3,0.2,2.0,20,0,1.0,0.9999957133058984,1.0,120.0,1.39,0.0,43.96361882178276,0.004930555555555555,,300,2.472702967722089,0.042206550985902924,1.8727029677220886,1.8719390853001978,1.0,PF,0.007317673124998691
open:54x36,PF,300,1200,0.02,0.05,0.0,,7,0.3,0.2,2.0,20,0,0.9997427983539094,0.9998542524005489,1.0,120.0,1.4033333333333333,0.0,43.90148193944971,0.005172222222222222,,300,2.4532176029829156,0.04143152846215478,1.8532176029829148,1.854942278058557,1.0,PF,0.007404777117499179
open:54x36,PF,300,1200,0.02,0.05,0.0,,9,0.3,0.2,2.0,20,0,1.0,0.9997985253772291,1.0,120.0,1.4133333333333333,0.0,43.89999907877397,0.004858333333333333,,300,2.4557635186002176,0.04646199806004549,1.8557635186002175,1.859505091624218,1.0,PF,0.007360765486666121
open:54x36,Boids,300,1200,0.02,0.05,0.0,,0,0.3,0.2,2.0,20,0,0.9434156378600823,0.9444058641975308,0.9998713991769548,100.0,1.4133333333333333,0.0,225.45115974697143,0.005472222222222222,,300,2.161349277542503,0.08164106639274583,1.561349277542503,1.572213173468001,1.0,Boids,0.00785281482666657
open:54x36,Boids,300,1200,0.02,0.05,0.0,,1,0.3,0.2,2.0,20,0,0.9506172839506173,0.9439986282578875,1.0,100.0,1.31,0.0,225.82844722703166,0.004969444444444445,,300,2.0929547347541475,0.12790929030259618,1.4929547347541474,1.4897079554437516,1.0,Boids,0.007869756631665344
open:54x36,Boids,300,1200,0.02,0.05,0.0,,2,0.3,0.2,2.0,20,0,0.9458590534979424,0.9422325102880656,1.0,100.0,1.3866666666666667,0.0,225.4958801977608,0.0048694444444444445,,300,2.121225906942531,0.14017306902427853,1.5212259069425313,1.5085680553581349,1.0,Boids,0.007884373888332448
open:54x36,Boids,300,1200,0.02,0.05,0.0,,3,0.3,0.2,2.0,20,0,0.948045267489712,0.9438185871056242,1.0,100.0,1.4133333333333333,0.0,225.59020779422096,0.0050305555555555555,,300,2.141853983556591,0.10155175036651796,1.5418539835565912,1.5386596868008833,1.0,Boids,0.00784808270833461
open:54x36,Boids,300,1200,0.02,0.05,0.0,,4,0.3,0.2,2.0,20,0,0.934156378600823,0.9424339849108367,1.0,100.0,1.47,0.0,225.60120022125886,0.0054,,300,2.103143658478737,0.125838457053435,1.503143658478737,1.5138113384127594,1.0,Boids,0.007951022395832296
open:54x36,Boids,300,1200,0.02,0.05,0.0,,5,0.3,0.2,2.0,20,0,0.9488168724279835,0.9446544924554182,1.0,100.0,1.3966666666666667,0.0,225.7314206903467,0.005147222222222222,,300,2.1189675224479236,0.13568860484196316,1.5189675224479235,1.517615936854754,1.0,Boids,0.008014377291666885
open:54x36,RW,300,1200,0.02,0.05,0.0,,0,0.3,0.2,2.0,20,0,0.8101851851851852,0.8285322359396435,1.0,200.0,11.013333333333334,0.0,180.9003470891333,0.15612777777777778,,300,1.323939343654835,0.5348798612064938,0.723939343654835,0.5020679035918375,0.8566666666666667,RW,0.001960073645833897
open:54x36,RW,300,1200,0.02,0.05,0.0,,1,0.3,0.2,2.0,20,0,0.8572530864197531,0.8319873113854596,1.0,200.0,11.013333333333334,0.0,181.52981285503992,0.154575,,300,1.4102278568502866,0.46966702771731417,0.8102278568502866,0.7778674320483641,0.92,RW,0.0019153515966672786
open:54x36,RW,300,1200,0.02,0.05,0.0,,2,0.3,0.2,2.0,20,0,0.8474794238683128,0.827173353909465,1.0,160.0,11.093333333333334,0.0,180.66934369037767,0.15562777777777778,,300,1.2947424652881399,0.48578807417579556,0.69474246528814,0.5408600307734844,0.8966666666666666,RW,0.0018830092708337057
open:54x36,RW,300,1200,0.02,0.05,0.0,,3,0.3,0.2,2.0,20,0,0.8415637860082305,0.8270447530864197,1.0,200.0,11.18,0.0,180.77819321268305,0.15689722222222222,,300,1.365732631840277,0.4688859564726405,0.7657326318402768,0.6045169854705702,0.93,RW,0.0019119627083334005
open:54x36,RW,300,1200,0.02,0.05,0.0,,4,0.3,0.2,2.0,20,0,0.8353909465020576,0.8365912208504801,1.0,200.0,10.9,0.0,181.55092346051188,0.1559111111111111,,300,1.337767309548595,0.4948649565156747,0.7377673095485949,0.615069718788262,0.9,RW,0.0019223611808335287
open:54x36,RW,300,1200,0.02,0.05,0.0,,5,0.3,0.2,2.0,20,0,0.8602109053497943,0.8333204732510288,1.0,180.0,11.183333333333334,0.0,180.4304658155527,0.15970277777777778,,300,1.3679415348081787,0.5049146866957763,0.7679415348081788,0.637993891127152,0.8966666666666666,RW,0.0019564874999999423
open:54x36,RW,300,1200,0.02,0.05,0.0,,6,0.3,0.2,2.0,20,0,0.8569958847736625,0.830456961591221,1.0,200.0,11.013333333333334,0.0,181.5142713549492,0.1557861111111111,,300,1.3630987664650749,0.4332741356925383,0.7630987664650748,0.6648471321597279,0.93,RW,0.0018904559374990034
open:54x36,RW,300,1200,0.02,0.05,0.0,,7,0.3,0.2,2.0,20,0,0.8140432098765432,0.8328275034293552,1.0,200.0,11.11,0.0,179.38661995015397,0.15789722222222222,,300,1.3220612738350568,0.5050650476882959,0.722061273835057,0.5341035284502581,0.8833333333333333,RW,0.0019801319091660237
open:54x36,RW,300,1200,0.02,0.05,0.0,,8,0.3,0.2,2.0,20,0,0.8172582304526749,0.8360896776406037,1.0,180.0,10.616666666666667,0.0,181.29387408864946,0.15556666666666666,,300,1.3030058579625752,0.49628322322911356,0.703005857962575,0.528443090560372,0.8866666666666667,RW,0.00198040222249953
open:54x36,RW,300,1200,0.02,0.05,0.0,,9,0.3,0.2,2.0,20,0,0.8353909465020576,0.8340192043895748,1.0,200.0,11.326666666666666,0.0,180.07204816521275,0.15606111111111112,,300,1.3901705535635787,0.4892141900373733,0.7901705535635787,0.7081372141215069,0.9066666666666666,RW,0.001895798437499252
open:54x36,Boids,300,1200,0.02,0.05,0.0,,6,0.3,0.2,2.0,20,0,0.9542181069958847,0.9420181755829905,1.0,100.0,1.3966666666666667,0.0,225.73151382976988,0.0052472222222222226,,300,2.1584988008990074,0.10638841951167498,1.5584988008990075,1.569031780848275,1.0,Boids,0.007576030555833313
open:54x36,Boids,300,1200,0.02,0.05,0.0,,7,0.3,0.2,2.0,20,0,0.9350565843621399,0.9422496570644721,1.0,100.0,1.53,0.0,225.27583429353453,0.005255555555555556,,300,2.1190691207168246,0.1297065055967885,1.5190691207168248,1.4934493183933497,1.0,Boids,0.0075908492358333505
open:54x36,Boids,300,1200,0.02,0.05,0.0,,8,0.3,0.2,2.0,20,0,0.9448302469135802,0.9443458504801097,1.0,100.0,1.4466666666666668,0.0,225.23156261096491,0.0052361111111111115,,300,2.0958465549379994,0.14431399429986438,1.4958465549379991,1.4854481796513608,1.0,Boids,0.007617753367499063
open:54x36,Boids,300,1200,0.02,0.05,0.0,,9,0.3,0.2,2.0,20,0,0.9268261316872428,0.9426311728395063,0.9997427983539094,100.0,1.41,0.0,225.07178958275443,0.0051916666666666665,,300,2.118625842429657,0.14028489379856776,1.5186258424296566,1.4548936629518208,1.0,Boids,0.007759814791667547
open:98x66,A,1000,1200,0.02,0.05,0.0,,0,0.3,0.2,2.0,20,0,0.8323670377241806,0.8238095238095238,1.0,560.0,11.741,0.0,153.73309432422818,0.18760916666666666,,1000,1.3100750883251615,0.4507793780189514,0.7100750883251614,0.5634116533919847,0.925,A,0.0065966037149989155
open:98x66,A,1000,1200,0.02,0.05,0.0,,1,0.3,0.2,2.0,20,0,0.8481369820655535,0.8197162956091528,1.0,640.0,11.896,0.0,152.17521108891813,0.194735,,1000,1.3629293251043786,0.46647912103420464,0.7629293251043787,0.6063625746549269,0.942,A,0.0065002969791673115
open:98x66,A,1000,1200,0.02,0.05,0.0,,2,0.3,0.2,2.0,20,0,0.8524659863945578,0.8237940630797775,1.0,640.0,11.756,0.0,153.26617723259753,0.19241583333333334,,1000,1.3682645702111298,0.4660697622843495,0.7682645702111299,0.6519441566362209,0.954,A,0.006554874687500766
open:98x66,A,1000,1200,0.02,0.05,0.0,,3,0.3,0.2,2.0,20,0,0.8441944959802102,0.8136994949494949,1.0,600.0,12.08,0.0,152.52813294681133,0.19171583333333334,,1000,1.32927216046436,0.45632281587565493,0.72927216046436,0.6010294385116308,0.939,A,0.006539898784167235
open:98x66,A,1000,1200,0.02,0.05,0.0,,4,0.3,0.2,2.0,20,0,0.844078540507112,0.8152816429602144,1.0,580.0,12.071,0.0,152.03886117132507,0.1916025,,1000,1.3617239644006174,0.44928233070365253,0.7617239644006174,0.6513109488811176,0.94,A,0.0066284533333328
open:98x66,A,1000,1200,0.02,0.05,0.0,,6,0.3,0.2,2.0,20,0,0.8445037105751392,0.8224554215625643,1.0,680.0,11.779,0.0,153.00160351814094,0.19204,,1000,1.3297371562447085,0.4577095687011082,0.7297371562447086,0.5818087535639037,0.943,A,0.006573896389166597
open:98x66,A,1000,1200,0.02,0.05,0.0,,7,0.3,0.2,2.0,20,0,0.8291202844774274,0.8185451453308594,1.0,600.0,11.905,0.0,152.27108992105585,0.19463166666666668,,1000,1.3127949785525916,0.4859175524915806,0.7127949785525914,0.5398217459739209,0.928,A,0.0064660577425001975
open:98x66,A,1000,1200,0.02,0.05,0.0,,5,0.3,0.2,2.0,20,0,0.8373531230674088,0.8306070913213771,1.0,580.0,11.662,0.0,154.50258913739947,0.18782416666666665,,1000,1.319507719755408,0.471983012516116,0.7195077197554077,0.5709340418066463,0.923,A,0.006735299166666664
open:98x66,A,1000,1200,0.02,0.05,0.0,,8,0.3,0.2,2.0,20,0,0.8463203463203464,0.8185928159142446,1.0,680.0,11.908,0.0,152.54017046663301,0.1927325,,1000,1.3585835584562695,0.46301299844774985,0.7585835584562697,0.6282930737338549,0.937,A,0.0063331569791656266
open:98x66,A,1000,1200,0.02,0.05,0.0,,9,0.3,0.2,2.0,20,0,0.8421072974644404,0.8230377757163472,1.0,600.0,11.793,0.0,152.93452106645216,0.19210333333333332,,1000,1.3229859151538377,0.4573222212080029,0.7229859151538375,0.5962507197468704,0.932,A,0.005949136250001175
open:98x66,B,1000,1200,0.02,0.05,0.0,,0,0.3,0.2,2.0,20,0,0.9997294372294372,0.9998698721913007,1.0,240.0,1.547,0.0,81.1833337387026,0.08626666666666667,,1000,2.363527124562115,0.06134765392348438,1.7635271245621147,1.7707333724496097,1.0,B,0.040942076839999876
open:98x66,B,1000,1200,0.02,0.05,0.0,,1,0.3,0.2,2.0,20,0,0.9998453927025356,0.9999072356215214,1.0,240.0,1.525,0.0,81.13874024521543,0.08690833333333334,,1000,2.3661219422047064,0.06319309655981004,1.766121942204706,1.7806473814827322,1.0,B,0.04086548565999995
open:98x66,B,1000,1200,0.02,0.05,0.0,,2,0.3,0.2,2.0,20,0,0.9998453927025356,0.9998930632859204,1.0,240.0,1.557,0.0,81.02188217707075,0.08757083333333333,,1000,2.370748339544579,0.06245417921395701,1.7707483395445789,1.7739481563544053,1.0,B,0.04065496864583262
open:98x66,B,1000,1200,0.02,0.05,0.0,,3,0.3,0.2,2.0,20,0,0.9997680890538033,0.9998234900020614,1.0,240.0,1.526,0.0,81.15021634466768,0.08821166666666666,,1000,2.3655002839341552,0.06340583582200222,1.7655002839341554,1.7759033010488539,1.0,B,0.041016075000000755
open:98x66,B,1000,1200,0.02,0.05,0.0,,6,0.3,0.2,2.0,20,0,0.9999613481756339,0.9998827561327561,1.0,240.0,1.57,0.0,81.0977921324077,0.08710166666666666,,1000,2.3729210135111134,0.059506757876689624,1.7729210135111129,1.7774455847584043,1.0,B,0.040629562395834
open:98x66,B,1000,1200,0.02,0.05,0.0,,4,0.3,0.2,2.0,20,0,0.9999226963512677,0.9998737373737374,1.0,240.0,1.537,0.0,81.15150113037885,0.08693416666666667,,1000,2.3673329643463483,0.062270479706655,1.7673329643463482,1.7736543227470867,1.0,B,0.040779501354166615
open:98x66,B,1000,1200,0.02,0.05,0.0,,5,0.3,0.2,2.0,20,0,1.0,0.9998595650381363,1.0,240.0,1.545,0.0,80.98839611176611,0.08787833333333334,,1000,2.3771378142922157,0.05758340688327839,1.777137814292216,1.7807545990663658,1.0,B,0.04093214840333227
open:98x66,B,1000,1200,0.02,0.05,0.0,,7,0.3,0.2,2.0,20,0,0.9998840445269017,0.9998866213151928,1.0,240.0,1.552,0.0,81.14837560118156,0.08699166666666666,,1000,2.3702255160357018,0.062189318326614576,1.7702255160357014,1.7750232723365045,1.0,B,0.040717484930833055
open:98x66,B,1000,1200,0.02,0.05,0.0,,8,0.3,0.2,2.0,20,0,0.9998453927025356,0.9998698721913007,1.0,240.0,1.601,0.0,81.03945077499931,0.08789333333333334,,1000,2.372479679892332,0.06024447307122468,1.7724796798923321,1.7796387135591156,1.0,B,0.040947307326666
open:98x66,B,1000,1200,0.02,0.05,0.0,,9,0.3,0.2,2.0,20,0,0.9998840445269017,0.9998904864976292,1.0,240.0,1.552,0.0,80.98487991219184,0.08783583333333334,,1000,2.3734624002046765,0.060943690343661296,1.7734624002046768,1.786329406925638,1.0,B,0.04081273906250014
open:98x66,C,1000,1200,0.02,0.05,0.0,,1,0.3,0.2,2.0,20,0,0.9994588744588745,0.999284941249227,0.9999613481756339,220.0,3.174,0.0,81.54611017651614,0.10187333333333333,,1000,2.42853226643674,0.052043344229205285,1.82853226643674,1.8403605021834264,1.0,C,0.0439417770141669
open:98x66,C,1000,1200,0.02,0.05,0.0,,0,0.3,0.2,2.0,20,0,0.9993815708101422,0.9991896000824573,1.0,220.0,3.163,0.0,81.41581324864218,0.1031125,,1000,2.4188156678126096,0.05414200310743544,1.8188156678126097,1.8312662131895836,1.0,C,0.04406413336749968
open:98x66,C,1000,1200,0.02,0.05,0.0,,2,0.3,0.2,2.0,20,0,0.99930426716141,0.9991110080395796,0.9999613481756339,240.0,3.185,0.0,81.5619799798866,0.10093,,1000,2.4184612816835114,0.0523922086417334,1.8184612816835115,1.8269681225352707,1.0,C,0.04401852906250042
open:98x66,C,1000,1200,0.02,0.05,0.0,,3,0.3,0.2,2.0,20,0,0.9993815708101422,0.9991715625644197,0.9998840445269017,220.0,3.2,0.0,81.32660945232342,0.1020975,,1000,2.420732766181931,0.05147955571568353,1.8207327661819308,1.8263350377404244,1.0,C,0.04417921843749961
open:98x66,C,1000,1200,0.02,0.05,0.0,,4,0.3,0.2,2.0,20,0,0.9997294372294372,0.9991960420531849,0.9998840445269017,220.0,3.287,0.0,81.38808697011187,0.10321416666666666,,1000,2.428644716305558,0.050897710520611275,1.8286447163055575,1.8320392183590237,1.0,C,0.04429579965333384
open:98x66,C,1000,1200,0.02,0.05,0.0,,5,0.3,0.2,2.0,20,0,0.9996134817563389,0.9991896000824573,0.9999613481756339,220.0,3.216,0.0,81.44202388577276,0.10396416666666666,,1000,2.434923942926556,0.05030475239739748,1.8349239429265558,1.8454650708658489,1.0,C,0.04422753829833406
open:98x66,C,1000,1200,0.02,0.05,0.0,,6,0.3,0.2,2.0,20,0,0.9992656153370439,0.9991870232941662,0.9999613481756339,220.0,3.26,0.0,81.60579409758913,0.10212083333333333,,1000,2.425115313376338,0.05138526213568321,1.825115313376338,1.8422816819909502,1.0,C,0.043975420833333674
open:98x66,C,1000,1200,0.02,0.05,0.0,,7,0.3,0.2,2.0,20,0,0.9995361781076066,0.99923211708926,0.9998840445269017,220.0,3.171,0.0,81.48651535185225,0.10221333333333334,,1000,2.421944220726122,0.04964251911646997,1.8219442207261223,1.831269953250108,1.0,C,0.044306078889167114
open:98x66,PF,1000,1200,0.02,0.05,0.0,,0,0.3,0.2,2.0,20,0,1.0,0.9988455988455988,1.0,320.0,1.76,0.0,50.46123527328888,0.009233333333333333,,1000,2.464316968830172,0.042100826414076135,1.864316968830172,1.8614580908094525,1.0,PF,0.026707157950833487
open:98x66,PF,1000,1200,0.02,0.05,0.0,,1,0.3,0.2,2.0,20,0,0.9999613481756339,0.9990839517625233,1.0,320.0,1.779,0.0,50.4980849546926,0.009439166666666667,,1000,2.4643126669614444,0.0440844019642037,1.8643126669614445,1.862685868097645,1.0,PF,0.026813382395832076
open:98x66,PF,1000,1200,0.02,0.05,0.0,,2,0.3,0.2,2.0,20,0,0.9997680890538033,0.9986239950525665,0.9998453927025356,320.0,1.759,0.0,50.46463806156593,0.009465,,1000,2.457626367374219,0.04475870497535317,1.8576263673742188,1.855584359209257,1.0,PF,0.026632327985833704
open:98x66,PF,1000,1200,0.02,0.05,0.0,,3,0.3,0.2,2.0,20,0,0.9999613481756339,0.9989357864357866,1.0,320.0,1.724,0.0,50.454284709353836,0.00936,,1000,2.467483075162542,0.0430009061302254,1.8674830751625422,1.8663173535165147,1.0,PF,0.026650505590832835
open:98x66,PF,1000,1200,0.02,0.05,0.0,,4,0.3,0.2,2.0,20,0,0.9999613481756339,0.9986871263656979,1.0,320.0,1.762,0.0,50.491133822290344,0.009165833333333333,,1000,2.46462325216349,0.04498892618511149,1.8646232521634898,1.8668629824894465,1.0,PF,0.026660397674166537
open:98x66,PF,1000,1200,0.02,0.05,0.0,,5,0.3,0.2,2.0,20,0,0.9998840445269017,0.9989718614718613,1.0,320.0,1.769,0.0,50.475945317180944,0.009461666666666667,,1000,2.4523629362960846,0.044554602334895665,1.852362936296084,1.852954108089932,1.0,PF,0.026601816215832817
open:98x66,PF,1000,1200,0.02,0.05,0.0,,6,0.3,0.2,2.0,20,0,0.9998453927025356,0.998970573077716,1.0,320.0,1.779,0.0,50.47169549322725,0.009451666666666667,,1000,2.4612521444371294,0.04324420552159189,1.861252144437129,1.8588852468726857,1.0,PF,0.02660526697916642
open:98x66,C,1000,1200,0.02,0.05,0.0,,8,0.3,0.2,2.0,20,0,0.999652133580705,0.9991058544629973,0.9999613481756339,240.0,3.313,0.0,81.53959209880354,0.10340166666666667,,1000,2.4207686446267997,0.049813194087578706,1.8207686446267999,1.8320198792746165,1.0,C,0.044614301701665984
open:98x66,C,1000,1200,0.02,0.05,0.0,,9,0.3,0.2,2.0,20,0,0.9994975262832406,0.999131622345908,0.9999613481756339,240.0,3.312,0.0,81.40348741724438,0.10508833333333334,,1000,2.418966969864594,0.04903054930037859,1.8189669698645934,1.82802427200426,1.0,C,0.04469936996499958
open:98x66,PF,1000,1200,0.02,0.05,0.0,,7,0.3,0.2,2.0,20,0,1.0,0.9990337043908473,1.0,320.0,1.715,0.0,50.48759119978993,0.009415,,1000,2.465816867472665,0.04279956389362334,1.865816867472665,1.86789335321666,1.0,PF,0.02689947507000094
open:98x66,PF,1000,1200,0.02,0.05,0.0,,8,0.3,0.2,2.0,20,0,0.9997680890538033,0.9987000103071532,1.0,320.0,1.763,0.0,50.47097189442689,0.009683333333333334,,1000,2.458536159684823,0.0425400644589148,1.8585361596848236,1.8505592324494462,1.0,PF,0.027194383854166518
open:98x66,PF,1000,1200,0.02,0.05,0.0,,9,0.3,0.2,2.0,20,0,1.0,0.9990169552669551,1.0,320.0,1.8,0.0,50.45151828015329,0.009675,,1000,2.4668737490723034,0.04147993849682848,1.8668737490723033,1.864260998834762,1.0,PF,0.026952861631666564
open:98x66,Boids,1000,1200,0.02,0.05,0.0,,0,0.3,0.2,2.0,20,0,0.9553184910327768,0.9628916718202434,0.9999613481756339,180.0,1.794,0.0,227.8352634955938,0.0099225,,1000,2.174887672122856,0.1264923203769197,1.5748876721228557,1.5483358528528055,1.0,Boids,0.02735773090250101
open:98x66,Boids,1000,1200,0.02,0.05,0.0,,1,0.3,0.2,2.0,20,0,0.9630102040816326,0.9594748505462791,0.9999613481756339,180.0,1.798,0.0,227.80924456862596,0.009976666666666667,,1000,2.1789499246747956,0.11735783220396934,1.5789499246747951,1.565888111416648,1.0,Boids,0.02735033267333468
open:98x66,Boids,1000,1200,0.02,0.05,0.0,,2,0.3,0.2,2.0,20,0,0.9659090909090909,0.9611368789940219,1.0,180.0,1.773,0.0,227.7454843693024,0.010104166666666666,,1000,2.2052341762947427,0.11981416992281951,1.6052341762947426,1.5872308184159312,1.0,Boids,0.0273814133333326
open:98x66,Boids,1000,1200,0.02,0.05,0.0,,3,0.3,0.2,2.0,20,0,0.9665275200989487,0.9622925685425686,1.0,180.0,1.762,0.0,228.01593912299361,0.009961666666666667,,1000,2.1627924049684926,0.13536405230191045,1.5627924049684925,1.539199438024108,1.0,Boids,0.027387205763332836
open:98x66,RW,1000,1200,0.02,0.05,0.0,,0,0.3,0.2,2.0,20,0,0.8545531849103277,0.8428635848278705,1.0,500.0,12.922,0.0,171.21769355684924,0.24038833333333334,,1000,1.3495392294520467,0.47276601326156864,0.7495392294520468,0.6111950941797404,0.904,RW,0.006002600833332205
open:98x66,RW,1000,1200,0.02,0.05,0.0,,1,0.3,0.2,2.0,20,0,0.8617810760667903,0.8486961451247166,1.0,520.0,13.014,0.0,170.30078879712875,0.24502833333333332,,1000,1.3460595733566265,0.47452894423599384,0.7460595733566265,0.6062572044233833,0.896,RW,0.006045590555833466
open:98x66,RW,1000,1200,0.02,0.05,0.0,,2,0.3,0.2,2.0,20,0,0.850417439703154,0.8412633992991136,1.0,480.0,12.743,0.0,171.2536130792088,0.23906083333333333,,1000,1.3681634921043715,0.4604247745668319,0.7681634921043717,0.6766234786835055,0.907,RW,0.006033500485834035
open:98x66,Boids,1000,1200,0.02,0.05,0.0,,4,0.3,0.2,2.0,20,0,0.9545454545454546,0.9615594722737578,0.9999613481756339,200.0,1.751,0.0,227.909463859022,0.009811666666666666,,1000,2.169452787526066,0.1164840538103805,1.5694527875260662,1.5513135301754215,1.0,Boids,0.027545934930832724
open:98x66,RW,1000,1200,0.02,0.05,0.0,,3,0.3,0.2,2.0,20,0,0.8354591836734694,0.842313440527726,1.0,560.0,12.988,0.0,170.27861178040217,0.24345166666666668,,1000,1.3065921581408202,0.48021622143532283,0.7065921581408202,0.5881597602207312,0.864,RW,0.006021917395833043
open:98x66,RW,1000,1200,0.02,0.05,0.0,,4,0.3,0.2,2.0,20,0,0.8710961657390229,0.8426265203050917,1.0,540.0,12.956,0.0,170.63969964090685,0.24390916666666668,,1000,1.3797434927137044,0.45960215787022163,0.7797434927137045,0.6675219463711072,0.917,RW,0.006011614930833578
open:98x66,RW,1000,1200,0.02,0.05,0.0,,5,0.3,0.2,2.0,20,0,0.8467841682127396,0.8392779839208411,1.0,520.0,12.864,0.0,171.2839015848802,0.24042083333333333,,1000,1.3421606172842444,0.46332240568357463,0.7421606172842445,0.6268241215178036,0.918,RW,0.0060960400000006605
open:98x66,Boids,1000,1200,0.02,0.05,0.0,,5,0.3,0.2,2.0,20,0,0.9721320346320347,0.9604669140383426,1.0,180.0,1.759,0.0,227.8583622609442,0.01011,,1000,2.2141321439140667,0.11922769596028464,1.6141321439140666,1.6282626417972073,1.0,Boids,0.027855634062499728
open:98x66,RW,1000,1200,0.02,0.05,0.0,,6,0.3,0.2,2.0,20,0,0.8483302411873841,0.8431032261389404,1.0,500.0,12.816,0.0,172.00588141807404,0.23764833333333332,,1000,1.3096126266021895,0.477262894055722,0.7096126266021896,0.5937609887447111,0.894,RW,0.005667121632498795
open:98x66,RW,1000,1200,0.02,0.05,0.0,,7,0.3,0.2,2.0,20,0,0.8546691403834261,0.8437242321170894,1.0,480.0,12.898,0.0,172.03898689382584,0.2364125,,1000,1.313373509833509,0.47345644321067987,0.7133735098335096,0.5723628164630846,0.9,RW,0.005688969965000676
open:98x66,RW,1000,1200,0.02,0.05,0.0,,8,0.3,0.2,2.0,20,0,0.8377009894867038,0.8445771490414347,1.0,540.0,12.943,0.0,170.99971831315304,0.24219,,1000,1.3052056722432597,0.47517986410644497,0.7052056722432597,0.601507225501107,0.892,RW,0.005686325868333976
open:98x66,RW,1000,1200,0.02,0.05,0.0,,9,0.3,0.2,2.0,20,0,0.8414888682745826,0.8443671407957122,1.0,520.0,13.074,0.0,170.09505336419537,0.24435166666666666,,1000,1.307471127079186,0.49085694121021145,0.707471127079186,0.5314862720419308,0.886,RW,0.004832733089998934
open:98x66,Boids,1000,1200,0.02,0.05,0.0,,6,0.3,0.2,2.0,20,0,0.9508735312306741,0.962018140589569,0.9998453927025356,180.0,1.759,0.0,227.65495276471663,0.009910833333333334,,1000,2.168325379298692,0.13042978792988028,1.5683253792986918,1.5396717100264468,1.0,Boids,0.025737425520833312
open:98x66,Boids,1000,1200,0.02,0.05,0.0,,7,0.3,0.2,2.0,20,0,0.9729437229437229,0.9621998041640898,1.0,180.0,1.78,0.0,227.96440761994302,0.010091666666666667,,1000,2.168703594905739,0.11967924401675469,1.568703594905739,1.5602935149966728,1.0,Boids,0.02557795857583339
open:98x66,Boids,1000,1200,0.02,0.05,0.0,,8,0.3,0.2,2.0,20,0,0.9569418676561534,0.9587172747887033,0.9999226963512677,180.0,1.81,0.0,228.29239522035735,0.010100833333333333,,1000,2.1833372764686816,0.14051746553352643,1.5833372764686815,1.5450641970390802,1.0,Boids,0.025162901180833613
open:98x66,Boids,1000,1200,0.02,0.05,0.0,,9,0.3,0.2,2.0,20,0,0.9636286332714904,0.9628246753246752,0.9999613481756339,180.0,1.812,0.0,227.9113583742324,0.010194166666666667,,1000,2.1750866556501043,0.12443918519286133,1.5750866556501038,1.5672621663546942,1.0,Boids,0.025051632153334443
